{
	"credit": "Made with Blockbench",
	"texture_size": [64, 64],
	"textures": {
		"particle": "./bazaar_bargain",
		"1_0": "./bazaar_bargain"
	},
	"elements": [
		{
			"from": [8.5, 14, 12.5],
			"to": [11, 15, 12.5],
			"rotation": {"angle": 22.5, "axis": "z", "origin": [8.5, 14.5, 12.5]},
			"faces": {
				"north": {"uv": [15, 2.25, 13.75, 2.75], "texture": "#1_0"},
				"east": {"uv": [0, 0, 0, 2.5], "texture": "#1_0"},
				"south": {"uv": [13.75, 2.25, 15, 2.75], "texture": "#1_0"},
				"west": {"uv": [0, 0, 0, 2.5], "texture": "#1_0"},
				"up": {"uv": [0, 0, 3, 0], "texture": "#1_0"},
				"down": {"uv": [0, 0, 3, 0], "texture": "#1_0"}
			}
		},
		{
			"from": [6.75, 8.75, 23.25],
			"to": [9.25, 13.75, 26.75],
			"rotation": {"angle": 45, "axis": "x", "origin": [6.75, 8.75, 26.75]},
			"faces": {
				"north": {"uv": [3.75, 3, 5, 5.5], "texture": "#1_0"},
				"east": {"uv": [2, 5.5, 3.75, 3], "rotation": 180, "texture": "#1_0"},
				"south": {"uv": [5, 3, 6.25, 5.5], "texture": "#1_0"},
				"west": {"uv": [2, 3, 3.75, 5.5], "texture": "#1_0"},
				"up": {"uv": [2, 5.5, 3.75, 6.75], "rotation": 90, "texture": "#1_0"},
				"down": {"uv": [2, 5.25, 3.75, 5.5], "rotation": 270, "texture": "#1_0"}
			}
		},
		{
			"from": [7.25, 8.75, 16.75],
			"to": [8.75, 10.75, 22.75],
			"rotation": {"angle": 45, "axis": "x", "origin": [7.25, 8.75, 22.75]},
			"faces": {
				"east": {"uv": [3, 1.5, 0, 2.5], "texture": "#1_0"},
				"west": {"uv": [0, 1.5, 3, 2.5], "texture": "#1_0"},
				"up": {"uv": [3.75, 1.75, 6.75, 2.5], "rotation": 90, "texture": "#1_0"},
				"down": {"uv": [6.75, 1.75, 9.75, 2.5], "rotation": 270, "texture": "#1_0"}
			}
		},
		{
			"from": [8, 15, -7.5],
			"to": [8, 17, 16],
			"rotation": {"angle": 0, "axis": "y", "origin": [16, 24, 1]},
			"faces": {
				"north": {"uv": [0, 0, 0, 2], "texture": "#1_0"},
				"east": {"uv": [11.75, 6.75, 0, 7.75], "texture": "#1_0"},
				"south": {"uv": [0, 0, 0, 2], "texture": "#1_0"},
				"west": {"uv": [0, 6.75, 11.75, 7.75], "texture": "#1_0"},
				"up": {"uv": [0, 0, 0, 4], "texture": "#1_0"},
				"down": {"uv": [0, 0, 0, 4], "texture": "#1_0"}
			}
		},
		{
			"from": [8, 11, 16],
			"to": [8, 12.5, 19],
			"rotation": {"angle": 0, "axis": "y", "origin": [16, 20, 24.5]},
			"faces": {
				"north": {"uv": [0, 0, 0, 2], "texture": "#1_0"},
				"east": {"uv": [15.25, 1.5, 13.75, 2.25], "texture": "#1_0"},
				"south": {"uv": [0, 0, 0, 2], "texture": "#1_0"},
				"west": {"uv": [13.75, 1.5, 15.25, 2.25], "texture": "#1_0"},
				"up": {"uv": [0, 0, 0, 4], "texture": "#1_0"},
				"down": {"uv": [0, 0, 0, 4], "texture": "#1_0"}
			}
		},
		{
			"from": [7, 8.75, 22.75],
			"to": [9, 11.25, 26.75],
			"rotation": {"angle": 0, "axis": "y", "origin": [15.25, 16.75, 30.75]},
			"faces": {
				"north": {"uv": [0, 3, 0.25, 4.25], "texture": "#1_0"},
				"east": {"uv": [2, 3, 0, 4.25], "texture": "#1_0"},
				"west": {"uv": [0, 3, 2, 4.25], "texture": "#1_0"},
				"up": {"uv": [0, 5.25, 2, 6.25], "rotation": 90, "texture": "#1_0"},
				"down": {"uv": [0, 4.25, 2, 5.25], "rotation": 270, "texture": "#1_0"}
			}
		},
		{
			"from": [7, 15, 16],
			"to": [9, 17.5, 16],
			"rotation": {"angle": 0, "axis": "y", "origin": [15, 22.5, 26]},
			"faces": {
				"north": {"uv": [4.75, 5.5, 3.75, 6.75], "texture": "#1_0"},
				"east": {"uv": [3.75, 4.5, 0, 5.75], "texture": "#1_0"},
				"south": {"uv": [3.75, 5.5, 4.75, 6.75], "texture": "#1_0"},
				"west": {"uv": [0, 3.25, 3.75, 4.5], "texture": "#1_0"},
				"up": {"uv": [0, 5.75, 3.75, 7], "rotation": 90, "texture": "#1_0"},
				"down": {"uv": [0, 7, 3.75, 8.25], "rotation": 270, "texture": "#1_0"}
			}
		},
		{
			"from": [7, 12.5, 12],
			"to": [9, 14.5, 20],
			"rotation": {"angle": 0, "axis": "y", "origin": [15, 20, 22]},
			"faces": {
				"north": {"uv": [9.75, 0.25, 10, 1.25], "texture": "#1_0"},
				"east": {"uv": [13.75, 0.25, 9.75, 1.25], "texture": "#1_0"},
				"south": {"uv": [13.75, 0.5, 14.75, 1.5], "texture": "#1_0"},
				"west": {"uv": [9.75, 0.25, 13.75, 1.25], "texture": "#1_0"},
				"up": {"uv": [9.75, 0.25, 13.75, 0.5], "rotation": 90, "texture": "#1_0"},
				"down": {"uv": [9.75, 1.25, 13.75, 2.25], "rotation": 270, "texture": "#1_0"}
			}
		},
		{
			"from": [7.25, 13, 3],
			"to": [8.75, 14.5, 12],
			"rotation": {"angle": 0, "axis": "y", "origin": [15, 20, 25]},
			"faces": {
				"north": {"uv": [5.25, 0.25, 5.5, 1], "texture": "#1_0"},
				"east": {"uv": [9.75, 0.25, 5.25, 1], "texture": "#1_0"},
				"west": {"uv": [5.25, 0.25, 9.75, 1], "texture": "#1_0"},
				"up": {"uv": [5.25, 0.25, 9.75, 0.5], "rotation": 90, "texture": "#1_0"},
				"down": {"uv": [5.25, 1, 9.75, 1.75], "rotation": 270, "texture": "#1_0"}
			}
		},
		{
			"from": [7.25, 13.5, -6],
			"to": [8.75, 14.5, 3],
			"rotation": {"angle": 0, "axis": "y", "origin": [15, 20.5, 16]},
			"faces": {
				"north": {"uv": [0, 0.5, 0.75, 1], "texture": "#1_0"},
				"east": {"uv": [5.25, 0.25, 0.75, 0.75], "texture": "#1_0"},
				"west": {"uv": [0.75, 0.25, 5.25, 0.75], "texture": "#1_0"},
				"up": {"uv": [0.75, 0.25, 5.25, 0.5], "rotation": 90, "texture": "#1_0"},
				"down": {"uv": [0.75, 0.75, 5.25, 1.5], "rotation": 270, "texture": "#1_0"}
			}
		},
		{
			"from": [7.5, 14, -7.5],
			"to": [8.5, 15, 19.5],
			"rotation": {"angle": 0, "axis": "y", "origin": [15.25, 21.25, 13.25]},
			"faces": {
				"north": {"uv": [13.75, 0, 14.25, 0.5], "texture": "#1_0"},
				"east": {"uv": [13.5, 0, 0, 0.5], "texture": "#1_0"},
				"south": {"uv": [14.25, 0, 14.75, 0.5], "rotation": 90, "texture": "#1_0"},
				"west": {"uv": [0, 0, 13.5, 0.5], "texture": "#1_0"},
				"up": {"uv": [0, 2.5, 13.5, 3], "rotation": 90, "texture": "#1_0"},
				"down": {"uv": [0, 0.25, 13.5, 0.5], "rotation": 270, "texture": "#1_0"}
			}
		}
	],
	"display": {
		"thirdperson_righthand": {
			"rotation": [1.5, 0, 10],
			"translation": [0.5, -4, -7.5],
			"scale": [0.8, 0.8, 0.8]
		},
		"thirdperson_lefthand": {
			"rotation": [1.5, 0, 10],
			"translation": [0.5, -4, -7.5],
			"scale": [0.8, 0.8, 0.8]
		},
		"firstperson_righthand": {
			"rotation": [2.5, -0.5, 2],
			"translation": [-0.5, -1.5, -5]
		},
		"firstperson_lefthand": {
			"rotation": [2.5, -0.5, 2],
			"translation": [-0.5, -1.5, -5]
		},
		"ground": {
			"rotation": [0, 0, 90],
			"translation": [4, -1.5, -2.5],
			"scale": [0.8, 0.8, 0.8]
		},
		"gui": {
			"rotation": [-45, 145, 30],
			"translation": [-2.5, -1.75, 0],
			"scale": [0.57, 0.57, 0.57]
		},
		"head": {
			"rotation": [90, 20, 90],
			"translation": [2, -5.25, 7.75]
		},
		"fixed": {
			"rotation": [0, 90, 0],
			"translation": [-3, -5, -1.5]
		}
	},
	"groups": [
		{
			"name": "group",
			"origin": [15.25, 23.75, 12.75],
			"color": 0,
			"children": [0, 1, 2, 3, 4, 5, 6, 7, 8, 9, 10]
		}
	]
}