{
	"credit": "Made with Blockbench",
	"texture_size": [48, 32],
	"textures": {
		"particle": "./sten"
	},
	"elements": [
		{
			"from": [7.5, 14, -5.25],
			"to": [8.5, 15, 1.25],
			"rotation": {"angle": 0, "axis": "x", "origin": [9, 14, 5.25]},
			"faces": {
				"north": {"uv": [4.33333, 6, 5, 7], "texture": "#particle"},
				"east": {"uv": [4.33333, 6, 0, 7], "texture": "#particle"},
				"west": {"uv": [0, 6, 4.33333, 7], "texture": "#particle"},
				"up": {"uv": [0, 7, 4.33333, 8], "rotation": 90, "texture": "#particle"},
				"down": {"uv": [0, 6.5, 4.33333, 7], "rotation": 270, "texture": "#particle"}
			}
		},
		{
			"from": [9, 14.5, 6.75],
			"to": [10, 15, 6.75],
			"rotation": {"angle": 0, "axis": "x", "origin": [9.5, 10.5, 19.75]},
			"faces": {
				"north": {"uv": [9.66667, 3.5, 10.33333, 4], "texture": "#particle"},
				"east": {"uv": [6.66667, 7, 5, 8.5], "texture": "#particle"},
				"south": {"uv": [9.66667, 3.5, 10.33333, 4], "rotation": 180, "texture": "#particle"},
				"west": {"uv": [5, 7, 6.66667, 8.5], "texture": "#particle"},
				"up": {"uv": [0, 0, 0, 6], "texture": "#particle"},
				"down": {"uv": [0, 0, 0, 6], "texture": "#particle"}
			}
		},
		{
			"from": [8, 15.5, 12.75],
			"to": [8, 16.5, 13.75],
			"rotation": {"angle": 0, "axis": "x", "origin": [9.5, 15.5, 21.75]},
			"faces": {
				"north": {"uv": [0, 0, 0, 2], "texture": "#particle"},
				"east": {"uv": [5, 7, 4.33333, 8], "texture": "#particle"},
				"south": {"uv": [0, 0, 0, 2], "texture": "#particle"},
				"west": {"uv": [4.33333, 7, 5, 8], "texture": "#particle"},
				"up": {"uv": [0, 0, 0, 6], "texture": "#particle"},
				"down": {"uv": [0, 0, 0, 6], "texture": "#particle"}
			}
		},
		{
			"from": [8, 10.5, 5.25],
			"to": [8, 13.5, 13.75],
			"rotation": {"angle": 0, "axis": "x", "origin": [9.5, 10.5, 15.25]},
			"faces": {
				"north": {"uv": [0, 0, 0, 2], "texture": "#particle"},
				"east": {"uv": [10.66667, 6, 5, 9], "texture": "#particle"},
				"south": {"uv": [0, 0, 0, 2], "texture": "#particle"},
				"west": {"uv": [5, 6, 10.66667, 9], "texture": "#particle"},
				"up": {"uv": [0, 0, 0, 6], "texture": "#particle"},
				"down": {"uv": [0, 0, 0, 6], "texture": "#particle"}
			}
		},
		{
			"from": [7, 13.5, 1.25],
			"to": [9, 15.5, 13.75],
			"rotation": {"angle": 0, "axis": "x", "origin": [8.5, 13.5, 10.25]},
			"faces": {
				"north": {"uv": [8.33333, 2, 9.66667, 4], "texture": "#particle"},
				"east": {"uv": [8.33333, 2, 0, 4], "texture": "#particle"},
				"south": {"uv": [8.33333, 0, 9.66667, 2], "texture": "#particle"},
				"west": {"uv": [0, 0, 8.33333, 2], "texture": "#particle"},
				"up": {"uv": [0, 4, 8.33333, 6], "rotation": 90, "texture": "#particle"},
				"down": {"uv": [0, 3.5, 8.33333, 4], "rotation": 270, "texture": "#particle"}
			}
		},
		{
			"from": [7, 13.5, -6.25],
			"to": [9, 15.5, 1.25],
			"rotation": {"angle": 0, "axis": "x", "origin": [8.5, 13.5, 2.75]},
			"faces": {
				"north": {"uv": [14.66667, 10, 16.00001, 12], "texture": "#particle"},
				"east": {"uv": [16, 14, 11, 16], "texture": "#particle"},
				"south": {"uv": [14.66667, 10, 16.00001, 12], "texture": "#particle"},
				"west": {"uv": [11, 14, 16, 16], "texture": "#particle"},
				"up": {"uv": [11, 12, 16, 14], "rotation": 90, "texture": "#particle"},
				"down": {"uv": [11, 15.5, 16, 16], "rotation": 270, "texture": "#particle"}
			}
		},
		{
			"from": [8, 11, 13],
			"to": [8, 14.5, 25],
			"rotation": {"angle": 22.5, "axis": "x", "origin": [8.5, 12, 13]},
			"faces": {
				"north": {"uv": [6.5, 0, 7.5, 1.66667], "texture": "#particle"},
				"east": {"uv": [8, 8, 0, 11.5], "texture": "#particle"},
				"south": {"uv": [6.5, 1.66667, 7.5, 3.33333], "texture": "#particle"},
				"west": {"uv": [0, 8, 8, 11.5], "texture": "#particle"},
				"up": {"uv": [0, 1.66667, 6.5, 3], "rotation": 90, "texture": "#particle"},
				"down": {"uv": [0, 4.66667, 6.5, 6], "rotation": 270, "texture": "#particle"}
			}
		},
		{
			"from": [7.5, 10.5, 25],
			"to": [8.5, 15.5, 25],
			"rotation": {"angle": 22.5, "axis": "x", "origin": [8.5, 12, 13]},
			"faces": {
				"north": {"uv": [10.33333, 11, 11, 16], "texture": "#particle"},
				"east": {"uv": [8, 8, 0, 11.5], "texture": "#particle"},
				"south": {"uv": [11, 11, 10.33333, 16], "texture": "#particle"},
				"west": {"uv": [0, 8, 8, 11.5], "texture": "#particle"},
				"up": {"uv": [0, 1.66667, 6.5, 3], "rotation": 90, "texture": "#particle"},
				"down": {"uv": [0, 4.66667, 6.5, 6], "rotation": 270, "texture": "#particle"}
			}
		},
		{
			"from": [7.5, 12, 9.75],
			"to": [8.5, 13.5, 13.75],
			"rotation": {"angle": 0, "axis": "x", "origin": [9, 12, 18.75]},
			"faces": {
				"north": {"uv": [8, 6, 8.33333, 7.5], "texture": "#particle"},
				"east": {"uv": [10.66667, 6, 8, 7.5], "texture": "#particle"},
				"south": {"uv": [10.33333, 6, 10.66667, 7.5], "texture": "#particle"},
				"west": {"uv": [8, 6, 10.66667, 7.5], "texture": "#particle"},
				"down": {"uv": [8, 7, 10.66667, 7.5], "rotation": 270, "texture": "#particle"}
			}
		},
		{
			"from": [-1, 14, 2.25],
			"to": [7, 15, 4.25],
			"rotation": {"angle": 0, "axis": "z", "origin": [3.5, 14, 5.25]},
			"faces": {
				"north": {"uv": [9.66667, 1.5, 15, 2.5], "texture": "#particle"},
				"east": {"uv": [9.66667, 0, 10, 2], "rotation": 90, "texture": "#particle"},
				"south": {"uv": [9.66667, 2.5, 15, 1.5], "rotation": 180, "texture": "#particle"},
				"west": {"uv": [14.66667, 0, 15, 2], "rotation": 90, "texture": "#particle"},
				"up": {"uv": [9.66667, 2, 15, 0], "rotation": 180, "texture": "#particle"},
				"down": {"uv": [9.66667, 0, 15, 2], "rotation": 180, "texture": "#particle"}
			}
		}
	],
	"display": {
		"thirdperson_righthand": {
			"rotation": [31, -2, -2],
			"translation": [-0.25, -1.25, -4],
			"scale": [0.8, 0.8, 0.8]
		},
		"thirdperson_lefthand": {
			"rotation": [31, -2, -2],
			"translation": [-0.25, -1.25, -4],
			"scale": [0.8, 0.8, 0.8]
		},
		"firstperson_righthand": {
			"rotation": [2.5, -0.5, 2],
			"translation": [-1.25, -2.5, -0.5]
		},
		"firstperson_lefthand": {
			"rotation": [2.5, -0.5, 2],
			"translation": [-1.25, -2.5, -0.5]
		},
		"ground": {
			"rotation": [0, 0, -90],
			"translation": [-4, -2, -1],
			"scale": [0.8, 0.8, 0.8]
		},
		"gui": {
			"rotation": [-35, 145, 5],
			"translation": [-0.75, -1.5, 0],
			"scale": [0.68, 0.68, 0.68]
		},
		"head": {
			"rotation": [90, 20, 90],
			"translation": [2.25, -2, 7.5]
		},
		"fixed": {
			"rotation": [0, 90, 0],
			"translation": [-1.25, -4.5, -1]
		}
	}
}