{
  "buzz": { "sounds": [ "buzz" ] },
  "scary": { "sounds": [ "scary1" ] },
  "steps": { "sounds": [ "steps" ] },
  "portal_open": { "sounds": [ "portal_open" ] },
  "screamer": { "sounds": [ "screamer" ] },
  "powerdown": { "sounds": [ "powerdown" ] },
  "cafe_steps": { "sounds": [ "cafe_steps" ] },
  "clock": { "sounds": [ "clock" ] },
  "player_steps": { "sounds": [ "player_steps" ] },
  "robot": { "sounds": [ "robot" ] },
  "scream": { "sounds": [ "scream" ] },
  "steps_2": { "sounds": [ "steps_2" ] },
  "taps": { "sounds": [ "taps" ] },
  "backrooms": { "sounds": [ "backrooms" ] },
  "taps_fast": { "sounds": [ "taps_fast" ] },
  "siren": { "sounds": [ "distant_siren" ] }
}
