{
	"credit": "Made with Blockbench",
	"texture_size": [48, 48],
	"textures": {
		"0": "./sticky",
		"particle": "./sticky"
	},
	"elements": [
		{
			"from": [6.5, 12.25, 12],
			"to": [9.5, 15.25, 18],
			"rotation": {"angle": 0, "axis": "y", "origin": [6.5, 12.25, 12]},
			"faces": {
				"north": {"uv": [0, 0, 1, 1], "texture": "#0"},
				"east": {"uv": [4, 8, 0, 10], "texture": "#0"},
				"south": {"uv": [4, 8, 6, 10], "texture": "#0"},
				"west": {"uv": [0, 6, 4, 8], "texture": "#0"},
				"up": {"uv": [4, 6, 8, 8], "rotation": 90, "texture": "#0"},
				"down": {"uv": [0, 9.66667, 4, 9.99933], "rotation": 270, "texture": "#0"}
			}
		},
		{
			"from": [7.25, 15.75, -2],
			"to": [7.25, 17.25, 0],
			"rotation": {"angle": 0, "axis": "y", "origin": [7.25, 15.75, -2]},
			"faces": {
				"north": {"uv": [0, 0, 0, 0.5], "texture": "#0"},
				"east": {"uv": [12.66567, 5.333, 11.333, 6.333], "texture": "#0"},
				"south": {"uv": [0, 0, 0, 0.5], "texture": "#0"},
				"west": {"uv": [11.333, 5.333, 12.66567, 6.333], "texture": "#0"},
				"up": {"uv": [0, 0, 0, 0.66667], "texture": "#0"},
				"down": {"uv": [0, 0, 0, 0.66667], "texture": "#0"}
			}
		},
		{
			"from": [8.75, 15.75, -2],
			"to": [8.75, 17.25, 0],
			"rotation": {"angle": 0, "axis": "y", "origin": [8.75, 15.75, -2]},
			"faces": {
				"north": {"uv": [0, 0, 0, 0.5], "texture": "#0"},
				"east": {"uv": [12.66567, 5.333, 11.333, 6.333], "texture": "#0"},
				"south": {"uv": [0, 0, 0, 0.5], "texture": "#0"},
				"west": {"uv": [11.333, 5.333, 12.66567, 6.333], "texture": "#0"},
				"up": {"uv": [0, 0, 0, 0.66667], "texture": "#0"},
				"down": {"uv": [0, 0, 0, 0.66667], "texture": "#0"}
			}
		},
		{
			"from": [8, 9.25, 11],
			"to": [8, 12.25, 16],
			"rotation": {"angle": 0, "axis": "y", "origin": [8, 9.25, 11]},
			"faces": {
				"north": {"uv": [0, 0, 0, 1], "texture": "#0"},
				"east": {"uv": [15.99933, 9.333, 12.66667, 11.333], "texture": "#0"},
				"south": {"uv": [0, 0, 0, 1], "texture": "#0"},
				"west": {"uv": [12.66667, 9.333, 15.99933, 11.333], "texture": "#0"},
				"up": {"uv": [0, 0, 0, 1.66667], "texture": "#0"},
				"down": {"uv": [0, 0, 0, 1.66667], "texture": "#0"}
			}
		},
		{
			"from": [5, 13.75, 15.5],
			"to": [6.5, 14.75, 15.5],
			"rotation": {"angle": 22.5, "axis": "z", "origin": [6.5, 14.75, 15.5]},
			"faces": {
				"north": {"uv": [11, 5.333, 10.33333, 6.333], "rotation": 270, "texture": "#0"},
				"east": {"uv": [0, 0, 0.33333, 0], "texture": "#0"},
				"south": {"uv": [10.333, 5.333, 10.99933, 6.333], "rotation": 90, "texture": "#0"},
				"west": {"uv": [0, 0, 0.33333, 0], "texture": "#0"},
				"up": {"uv": [10.333, 5.333, 10.99933, 6.333], "rotation": 90, "texture": "#0"},
				"down": {"uv": [10.99933, 5.333, 10.333, 6.333], "rotation": 90, "texture": "#0"}
			}
		},
		{
			"from": [7.25, 6.75, 14.75],
			"to": [8.75, 12.25, 17.25],
			"rotation": {"angle": -22.5, "axis": "x", "origin": [7.25, 12.25, 14.75]},
			"faces": {
				"north": {"uv": [0, 12.333, 0.333, 15.99933], "texture": "#0"},
				"east": {"uv": [1.66667, 12.333, 0, 15.99933], "texture": "#0"},
				"south": {"uv": [1.333, 12.333, 1.66567, 15.99867], "texture": "#0"},
				"west": {"uv": [0, 12.333, 1.66567, 15.99933], "texture": "#0"},
				"up": {"uv": [0, 0, 0.5, 0.83333], "texture": "#0"},
				"down": {"uv": [1.333, 15.66667, 1.66567, 15.99933], "texture": "#0"}
			}
		},
		{
			"from": [7.25, 6.25, -1.5],
			"to": [8.75, 11.25, 1],
			"rotation": {"angle": -22.5, "axis": "x", "origin": [7.25, 11.25, -1.5]},
			"faces": {
				"north": {"uv": [0, 10, 3.33133, 10.33067], "rotation": 270, "texture": "#0"},
				"east": {"uv": [3.333, 12.66667, 1.66633, 15.99933], "texture": "#0"},
				"south": {"uv": [3, 12.66667, 3.333, 15.99933], "texture": "#0"},
				"west": {"uv": [1.66667, 12.66667, 3.333, 15.99933], "texture": "#0"},
				"up": {"uv": [0, 0, 0.5, 0.83333], "texture": "#0"},
				"down": {"uv": [1.333, 15.66667, 1.66567, 15.99933], "texture": "#0"}
			}
		},
		{
			"from": [6, 11.5, 2],
			"to": [10, 15.5, 12],
			"rotation": {"angle": 0, "axis": "y", "origin": [6, 11.5, 2]},
			"faces": {
				"north": {"uv": [0, 0, 1.33333, 1.33333], "texture": "#0"},
				"east": {"uv": [12.66567, 2.66667, 6, 5.332], "texture": "#0"},
				"south": {"uv": [6, 8, 8.66667, 10.66667], "texture": "#0"},
				"west": {"uv": [6, 0, 12.66567, 2.66667], "texture": "#0"},
				"up": {"uv": [12.66667, 0, 15.333, 6.66633], "texture": "#0"},
				"down": {"uv": [6, 5, 12.66567, 5.333], "rotation": 270, "texture": "#0"}
			}
		},
		{
			"from": [9, 14, 6],
			"to": [10, 15.5, 9.5],
			"rotation": {"angle": 0, "axis": "y", "origin": [6, 11.5, 3.5]},
			"faces": {
				"north": {"uv": [0, 0, 1.33333, 1.33333], "texture": "#0"},
				"east": {"uv": [16, 7.66667, 13.66667, 8.66667], "texture": "#0"},
				"south": {"uv": [6, 8, 8.66667, 10.66667], "texture": "#0"},
				"west": {"uv": [6, 0, 12.66567, 2.66667], "texture": "#0"},
				"up": {"uv": [13.66667, 8.66667, 16, 9.33333], "rotation": 90, "texture": "#0"},
				"down": {"uv": [6, 5, 12.66567, 5.333], "rotation": 270, "texture": "#0"}
			}
		},
		{
			"from": [5.75, 11.25, -2.5],
			"to": [10.25, 15.75, 2],
			"rotation": {"angle": 0, "axis": "y", "origin": [5.75, 11.25, -2.5]},
			"faces": {
				"north": {"uv": [3, 3, 6, 6], "texture": "#0"},
				"east": {"uv": [3, 0, 0, 3], "texture": "#0"},
				"south": {"uv": [8.66667, 8, 11.66667, 11], "texture": "#0"},
				"west": {"uv": [0, 0, 3, 3], "texture": "#0"},
				"up": {"uv": [3, 0, 6, 3], "rotation": 90, "texture": "#0"},
				"down": {"uv": [0, 3, 3, 6], "rotation": 270, "texture": "#0"}
			}
		},
		{
			"from": [4, 6.5, 5],
			"to": [11, 13.5, 11],
			"rotation": {"angle": 0, "axis": "y", "origin": [4, 6.5, 5]},
			"faces": {
				"north": {"uv": [11.333, 11.333, 15.99933, 15.99933], "texture": "#0"},
				"east": {"uv": [11.333, 11.333, 7.333, 15.99933], "texture": "#0"},
				"south": {"uv": [15.99933, 11.333, 11.333, 15.99867], "texture": "#0"},
				"west": {"uv": [7.333, 11.333, 11.333, 15.99933], "texture": "#0"},
				"up": {"uv": [7.333, 11.333, 11.333, 15.99933], "rotation": 90, "texture": "#0"},
				"down": {"uv": [7.333, 11.333, 3.333, 15.99867], "rotation": 90, "texture": "#0"}
			}
		}
	],
	"display": {
		"thirdperson_righthand": {
			"rotation": [2, 0.5, 3.5],
			"translation": [0, -3.25, -4],
			"scale": [0.8, 0.8, 0.8]
		},
		"thirdperson_lefthand": {
			"rotation": [2, 0.5, 3.5],
			"translation": [0, -3.25, -4],
			"scale": [0.8, 0.8, 0.8]
		},
		"firstperson_righthand": {
			"rotation": [23, 5, 6],
			"translation": [3.25, -1, -13]
		},
		"firstperson_lefthand": {
			"rotation": [23, 5, 6],
			"translation": [3.25, -1, -13]
		},
		"ground": {
			"rotation": [0, 0, 90],
			"translation": [2.75, 0.25, 0],
			"scale": [0.8, 0.8, 0.8]
		},
		"gui": {
			"rotation": [-30, 135, 5],
			"translation": [0.25, -2.5, 0],
			"scale": [0.79, 0.79, 0.79]
		},
		"head": {
			"translation": [0, 7.5, -0.75]
		},
		"fixed": {
			"rotation": [0, 90, 0],
			"translation": [0, -3.75, -3]
		}
	}
}