{
	"credit": "Made with Blockbench",
	"textures": {
		"0": "items/rgbsheet1",
		"1": "items/texturedmaterials1",
		"particle": "items/rgbsheet1"
	},
	"elements": [
		{
			"name": "Handle",
			"from": [7.4, 0, 8],
			"to": [8.6, 4, 10],
			"rotation": {"angle": -22.5, "axis": "x", "origin": [8, 8, 8]},
			"faces": {
				"north": {"uv": [3, 4, 6, 7], "texture": "#1"},
				"east": {"uv": [3, 4, 6, 7], "texture": "#1"},
				"south": {"uv": [3, 4, 6, 7], "texture": "#1"},
				"west": {"uv": [3, 4, 6, 7], "texture": "#1"},
				"up": {"uv": [3, 4, 6, 7], "texture": "#1"},
				"down": {"uv": [3, 4, 6, 7], "texture": "#1"}
			}
		},
		{
			"name": "barrel",
			"from": [7, 5.21, 6.75],
			"to": [9, 6.03, 8.75],
			"rotation": {"angle": 45, "axis": "z", "origin": [8, 5.625, 7.75]},
			"faces": {
				"north": {"uv": [9, 13, 12, 16], "rotation": 180, "texture": "#1"},
				"east": {"uv": [9, 13, 12, 16], "rotation": 180, "texture": "#1"},
				"south": {"uv": [9, 13, 12, 16], "rotation": 180, "texture": "#1"},
				"west": {"uv": [9, 13, 12, 16], "rotation": 180, "texture": "#1"},
				"up": {"uv": [9, 13, 12, 16], "rotation": 180, "texture": "#1"},
				"down": {"uv": [9, 13, 12, 16], "rotation": 180, "texture": "#1"}
			}
		},
		{
			"name": "barrel",
			"from": [7, 5.2, 6.75],
			"to": [9, 6.04, 8.75],
			"faces": {
				"north": {"uv": [9, 13, 12, 16], "rotation": 180, "texture": "#1"},
				"east": {"uv": [9, 13, 12, 16], "rotation": 180, "texture": "#1"},
				"south": {"uv": [9, 13, 12, 16], "rotation": 180, "texture": "#1"},
				"west": {"uv": [9, 13, 12, 16], "rotation": 180, "texture": "#1"},
				"up": {"uv": [9, 13, 12, 16], "rotation": 180, "texture": "#1"},
				"down": {"uv": [9, 13, 12, 16], "rotation": 180, "texture": "#1"}
			}
		},
		{
			"name": "barrel",
			"from": [7.58, 4.625, 6.75],
			"to": [8.41, 6.625, 8.75],
			"rotation": {"angle": 45, "axis": "z", "origin": [8, 5.625, 7.75]},
			"faces": {
				"north": {"uv": [9, 13, 12, 16], "rotation": 270, "texture": "#1"},
				"east": {"uv": [9, 13, 12, 16], "rotation": 270, "texture": "#1"},
				"south": {"uv": [9, 13, 12, 16], "rotation": 270, "texture": "#1"},
				"west": {"uv": [9, 13, 12, 16], "rotation": 270, "texture": "#1"},
				"up": {"uv": [9, 13, 12, 16], "rotation": 270, "texture": "#1"},
				"down": {"uv": [9, 13, 12, 16], "rotation": 270, "texture": "#1"}
			}
		},
		{
			"name": "barrel",
			"from": [7.625, 5.125, 6.75],
			"to": [8.375, 6.625, 8.75],
			"faces": {
				"north": {"uv": [10, 14, 11, 15], "rotation": 90, "texture": "#0"},
				"east": {"uv": [10, 14, 11, 15], "rotation": 270, "texture": "#0"},
				"south": {"uv": [10, 14, 11, 15], "rotation": 270, "texture": "#0"},
				"west": {"uv": [10, 14, 11, 15], "rotation": 270, "texture": "#0"},
				"up": {"uv": [10, 14, 11, 15], "rotation": 270, "texture": "#0"},
				"down": {"uv": [10, 14, 11, 15], "rotation": 270, "texture": "#0"}
			}
		},
		{
			"name": "Metal",
			"from": [7.5, 4.25, 6.75],
			"to": [8.5, 4.75, 8.75],
			"faces": {
				"north": {"uv": [0, 13, 2, 13.5], "texture": "#1"},
				"east": {"uv": [0, 13, 2, 13.5], "texture": "#1"},
				"south": {"uv": [0, 13, 2, 13.5], "texture": "#1"},
				"west": {"uv": [0, 13, 2, 13.5], "texture": "#1"},
				"up": {"uv": [0, 13, 2, 13.5], "texture": "#1"},
				"down": {"uv": [0, 13, 2, 13.5], "texture": "#1"}
			}
		},
		{
			"name": "Metal",
			"from": [7.5, 6.5, 6.75],
			"to": [8.5, 7, 8.75],
			"faces": {
				"north": {"uv": [0, 13, 2, 13.5], "texture": "#1"},
				"east": {"uv": [0, 13, 2, 13.5], "texture": "#1"},
				"south": {"uv": [0, 13, 2, 13.5], "texture": "#1"},
				"west": {"uv": [0, 13, 2, 13.5], "texture": "#1"},
				"up": {"uv": [0, 13, 2, 13.5], "texture": "#1"},
				"down": {"uv": [0, 13, 2, 13.5], "texture": "#1"}
			}
		},
		{
			"name": "Metal",
			"from": [7.5, 6.247, 9],
			"to": [8.5, 7.747, 10.9],
			"rotation": {"angle": 22.5, "axis": "x", "origin": [8, 8, 7]},
			"faces": {
				"north": {"uv": [0, 13, 0.75, 13.5], "texture": "#1"},
				"east": {"uv": [0, 13, 0.75, 13.5], "texture": "#1"},
				"south": {"uv": [0, 13, 0.75, 13.5], "texture": "#1"},
				"west": {"uv": [0, 13, 0.75, 13.5], "texture": "#1"},
				"up": {"uv": [0, 13, 0.75, 13.5], "texture": "#1"},
				"down": {"uv": [0, 13, 0.75, 13.5], "texture": "#1"}
			}
		},
		{
			"name": "Metal",
			"from": [7.5, 4.25, 8.75],
			"to": [8.5, 6.25, 10.5],
			"faces": {
				"north": {"uv": [0, 13, 1.75, 15], "texture": "#1"},
				"east": {"uv": [0, 13, 1.75, 15], "texture": "#1"},
				"south": {"uv": [0, 13, 1.75, 15], "texture": "#1"},
				"west": {"uv": [0, 13, 1.75, 15], "texture": "#1"},
				"up": {"uv": [0, 13, 1.75, 15], "texture": "#1"},
				"down": {"uv": [0, 13, 1.75, 15], "texture": "#1"}
			}
		},
		{
			"name": "Metal",
			"from": [7.5, 4.5, 6.25],
			"to": [8.5, 5, 6.75],
			"faces": {
				"north": {"uv": [0, 13, 0.5, 13.5], "texture": "#1"},
				"east": {"uv": [0, 13, 0.5, 13.5], "texture": "#1"},
				"south": {"uv": [0, 13, 0.5, 13.5], "texture": "#1"},
				"west": {"uv": [0, 13, 0.5, 13.5], "texture": "#1"},
				"up": {"uv": [0, 13, 0.5, 13.5], "texture": "#1"},
				"down": {"uv": [0, 13, 0.5, 13.5], "texture": "#1"}
			}
		},
		{
			"name": "Metal",
			"from": [7.5, 5, 5.75],
			"to": [8.5, 7, 6.75],
			"faces": {
				"north": {"uv": [0, 13, 1, 15], "texture": "#1"},
				"east": {"uv": [0, 13, 1, 15], "texture": "#1"},
				"south": {"uv": [0, 13, 1, 15], "texture": "#1"},
				"west": {"uv": [0, 13, 1, 15], "texture": "#1"},
				"up": {"uv": [0, 13, 1, 15], "texture": "#1"},
				"down": {"uv": [0, 13, 1, 15], "texture": "#1"}
			}
		},
		{
			"name": "Muzzle",
			"from": [7.75, 6, 0],
			"to": [8.25, 6.75, 6],
			"faces": {
				"north": {"uv": [0, 13, 6, 13.75], "texture": "#1"},
				"east": {"uv": [0, 13, 6, 13.75], "texture": "#1"},
				"south": {"uv": [0, 13, 6, 13.75], "texture": "#1"},
				"west": {"uv": [0, 13, 6, 13.75], "texture": "#1"},
				"up": {"uv": [0, 13, 6, 13.75], "texture": "#1"},
				"down": {"uv": [0, 13, 6, 13.75], "texture": "#1"}
			}
		},
		{
			"name": "Underbit",
			"from": [7.9, 5.5, 1],
			"to": [8.15, 6, 7],
			"faces": {
				"north": {"uv": [0, 13, 6, 13.5], "texture": "#1"},
				"east": {"uv": [0, 13, 6, 13.5], "texture": "#1"},
				"south": {"uv": [0, 13, 6, 13.5], "texture": "#1"},
				"west": {"uv": [0, 13, 6, 13.5], "texture": "#1"},
				"up": {"uv": [0, 13, 6, 13.5], "texture": "#1"},
				"down": {"uv": [0, 13, 6, 13.5], "texture": "#1"}
			}
		},
		{
			"name": "Back",
			"from": [7.55, 4, 10.3],
			"to": [8.45, 6.05, 11.3],
			"faces": {
				"north": {"uv": [2, 9, 4, 10.05], "texture": "#1"},
				"east": {"uv": [2, 9, 4, 10.05], "texture": "#1"},
				"south": {"uv": [2, 9, 4, 10.05], "texture": "#1"},
				"west": {"uv": [2, 9, 4, 10.05], "texture": "#1"},
				"up": {"uv": [2, 9, 4, 10.05], "texture": "#1"},
				"down": {"uv": [2, 9, 4, 10.05], "texture": "#1"}
			}
		},
		{
			"name": "Hammer",
			"from": [7.55, 8.45, 11.15],
			"to": [8.45, 9.7, 11.65],
			"rotation": {"angle": 45, "axis": "x", "origin": [8, 8.25, 8]},
			"faces": {
				"north": {"uv": [9, 13, 12, 16], "texture": "#1"},
				"east": {"uv": [9, 13, 12, 16], "texture": "#1"},
				"south": {"uv": [9, 13, 12, 16], "texture": "#1"},
				"west": {"uv": [9, 13, 12, 16], "texture": "#1"},
				"up": {"uv": [9, 13, 12, 16], "texture": "#1"},
				"down": {"uv": [9, 13, 12, 16], "texture": "#1"}
			}
		},
		{
			"name": "Sights",
			"from": [7.8, 6.75, 0],
			"to": [8.2, 7.3, 0.3],
			"faces": {
				"north": {"uv": [9, 13, 12, 16], "texture": "#1"},
				"east": {"uv": [9, 13, 12, 16], "texture": "#1"},
				"south": {"uv": [9, 13, 12, 16], "texture": "#1"},
				"west": {"uv": [9, 13, 12, 16], "texture": "#1"},
				"up": {"uv": [9, 13, 12, 16], "texture": "#1"},
				"down": {"uv": [9, 13, 12, 16], "texture": "#1"}
			}
		}
	],
	"gui_light": "front",
	"display": {
		"thirdperson_righthand": {
			"translation": [0.25, 2.75, -0.25],
			"scale": [0.7, 0.7, 0.7]
		},
		"thirdperson_lefthand": {
			"rotation": [-0.18, -2.59, -2.03],
			"translation": [0.25, 3, -0.25],
			"scale": [0.7, 0.7, 0.7]
		},
		"firstperson_righthand": {
			"rotation": [0, -2, 0],
			"translation": [0, 5, 0]
		},
		"firstperson_lefthand": {
			"translation": [-9, 8.6, 6],
			"scale": [1, 1, 0.675]
		},
		"ground": {
			"rotation": [2, -6, -88],
			"translation": [3, -2.5, 1.75]
		},
		"gui": {
			"rotation": [76, -51, 70],
			"translation": [-3.75, 2.5, 0],
			"scale": [1.25, 1.25, 1.25]
		},
		"fixed": {
			"rotation": [-96, 131, 96],
			"translation": [4.75, 2.25, 1],
			"scale": [1.5, 1.5, 1.5]
		}
	}
}