{
	"credit": "Made with Blockbench",
	"texture_size": [64, 48],
	"textures": {
		"0": "./mosin",
		"particle": "./mosin"
	},
	"elements": [
		{
			"from": [7, 12, -4.5],
			"to": [8.5, 14, 7.5],
			"rotation": {"angle": 0, "axis": "x", "origin": [8.5, 12, 4.5]},
			"faces": {
				"north": {"uv": [0, 0, 0.25, 1.33333], "texture": "#0"},
				"east": {"uv": [6, 0, 0, 1.33333], "texture": "#0"},
				"south": {"uv": [5.75, 0, 6, 1.33333], "texture": "#0"},
				"west": {"uv": [0, 0, 6, 1.33333], "texture": "#0"},
				"up": {"uv": [0, 1.33333, 6, 2.33333], "rotation": 90, "texture": "#0"},
				"down": {"uv": [0, 2.33333, 6, 3.33333], "rotation": 270, "texture": "#0"}
			}
		},
		{
			"from": [7.25, 13, 7.5],
			"to": [8.25, 14, 18],
			"rotation": {"angle": 0, "axis": "x", "origin": [8.75, 13, 16.5]},
			"faces": {
				"east": {"uv": [11.25, 0, 6, 0.66667], "texture": "#0"},
				"south": {"uv": [11.25, 0, 11.75, 0.66667], "texture": "#0"},
				"west": {"uv": [6, 0, 11.25, 0.66667], "texture": "#0"},
				"up": {"uv": [6, 0.66667, 11.25, 1.33333], "rotation": 90, "texture": "#0"}
			}
		},
		{
			"from": [7.25, 13, -7.5],
			"to": [8.25, 14, -4.5],
			"rotation": {"angle": 0, "axis": "x", "origin": [8.75, 13, 0.5]},
			"faces": {
				"north": {"uv": [8, 4, 8.5, 4.66667], "texture": "#0"},
				"east": {"uv": [6.5, 4, 5, 4.66667], "texture": "#0"},
				"west": {"uv": [5, 4, 6.5, 4.66667], "texture": "#0"},
				"up": {"uv": [6.5, 4, 8, 4.66667], "rotation": 90, "texture": "#0"},
				"down": {"uv": [5, 4.33333, 6.5, 4.66667], "rotation": 270, "texture": "#0"}
			}
		},
		{
			"from": [7, 12.75, -12],
			"to": [8.5, 14.25, -7.5],
			"rotation": {"angle": 0, "axis": "x", "origin": [8.5, 12.75, -4]},
			"faces": {
				"north": {"uv": [8, 4, 8.5, 4.66667], "texture": "#0"},
				"east": {"uv": [6, 11.66667, 8.25, 12.66667], "rotation": 180, "texture": "#0"},
				"south": {"uv": [8, 11.66667, 8.25, 12.66667], "texture": "#0"},
				"west": {"uv": [3.75, 11.66667, 6, 12.66667], "texture": "#0"},
				"up": {"uv": [3.75, 12.66667, 6, 13.66667], "rotation": 90, "texture": "#0"},
				"down": {"uv": [6, 12.66667, 8.25, 13.66667], "rotation": 270, "texture": "#0"}
			}
		},
		{
			"from": [6.75, 12.5, -14],
			"to": [8.75, 14.5, -12],
			"rotation": {"angle": 0, "axis": "x", "origin": [8.25, 12.5, -6]},
			"faces": {
				"north": {"uv": [1.75, 11.66667, 2.75, 13], "texture": "#0"},
				"east": {"uv": [3.75, 11.66667, 2.75, 13], "texture": "#0"},
				"south": {"uv": [3.5, 11.66667, 3.75, 13], "texture": "#0"},
				"west": {"uv": [2.75, 11.66667, 3.75, 13], "texture": "#0"},
				"up": {"uv": [2.75, 11.66667, 3.75, 13], "rotation": 90, "texture": "#0"},
				"down": {"uv": [2.75, 11.66667, 3.75, 13], "rotation": 270, "texture": "#0"}
			}
		},
		{
			"from": [7.75, 14, -7],
			"to": [7.75, 15, -6],
			"rotation": {"angle": 0, "axis": "x", "origin": [9.25, 12, 2]},
			"faces": {
				"north": {"uv": [0, 0, 0, 3], "texture": "#0"},
				"east": {"uv": [5.5, 3.33333, 5, 4], "texture": "#0"},
				"south": {"uv": [0, 0, 0, 3], "texture": "#0"},
				"west": {"uv": [5, 3.33333, 5.5, 4], "texture": "#0"},
				"up": {"uv": [0, 0, 0, 2], "texture": "#0"},
				"down": {"uv": [0, 0, 0, 2], "texture": "#0"}
			}
		},
		{
			"from": [7.75, 11, -16],
			"to": [7.75, 13.5, -2.5],
			"rotation": {"angle": 0, "axis": "z", "origin": [7.75, 11, -7]},
			"faces": {
				"north": {"uv": [0, 0, 0, 3], "texture": "#0"},
				"east": {"uv": [14.25, 8.33333, 7.5, 10], "texture": "#0"},
				"south": {"uv": [0, 0, 0, 3], "texture": "#0"},
				"west": {"uv": [7.5, 8.33333, 14.25, 10], "texture": "#0"},
				"up": {"uv": [0, 0, 0, 2], "texture": "#0"},
				"down": {"uv": [0, 0, 0, 2], "texture": "#0"}
			}
		},
		{
			"from": [7.75, 9, 12],
			"to": [7.75, 10.5, 18.5],
			"rotation": {"angle": 0, "axis": "x", "origin": [9.25, 9, 20]},
			"faces": {
				"north": {"uv": [0, 0, 0, 2], "texture": "#0"},
				"east": {"uv": [15, 0, 11.75, 1], "texture": "#0"},
				"south": {"uv": [0, 0, 0, 2], "texture": "#0"},
				"west": {"uv": [11.75, 0, 15, 1], "texture": "#0"},
				"up": {"uv": [0, 0, 0, 6], "texture": "#0"},
				"down": {"uv": [0, 0, 0, 6], "texture": "#0"}
			}
		},
		{
			"from": [8.25, 12.25, 15.5],
			"to": [11.25, 13.75, 15.5],
			"rotation": {"angle": -22.5, "axis": "z", "origin": [8.25, 13.75, 15.5]},
			"faces": {
				"north": {"uv": [12.75, 1.66667, 11.25, 0.66667], "texture": "#0"},
				"east": {"uv": [0, 0, 0, 2.5], "texture": "#0"},
				"south": {"uv": [11.25, 1.66667, 12.75, 0.66667], "texture": "#0"},
				"west": {"uv": [0, 0, 0, 2.5], "texture": "#0"},
				"up": {"uv": [0, 0, 3, 0], "texture": "#0"},
				"down": {"uv": [0, 0, 3, 0], "texture": "#0"}
			}
		},
		{
			"from": [6.75, 11, 6.5],
			"to": [8.75, 13, 11.5],
			"rotation": {"angle": 0, "axis": "x", "origin": [8.25, 11, 15]},
			"faces": {
				"north": {"uv": [0, 3.33333, 0.25, 4.66667], "texture": "#0"},
				"east": {"uv": [2.5, 3.33333, 0, 4.66667], "texture": "#0"},
				"west": {"uv": [0, 3.33333, 2.5, 4.66667], "texture": "#0"},
				"up": {"uv": [0, 3.33333, 2.5, 3.66667], "rotation": 90, "texture": "#0"},
				"down": {"uv": [2.5, 3.33333, 5, 4.66667], "rotation": 270, "texture": "#0"}
			}
		},
		{
			"from": [7, 8.5, 18.5],
			"to": [8.5, 11, 23.5],
			"rotation": {"angle": 22.5, "axis": "x", "origin": [7.75, 12, 23.5]},
			"faces": {
				"north": {"uv": [0, 0, 2, 2], "texture": "#0"},
				"east": {"uv": [2.5, 9, 0, 10.66667], "texture": "#0"},
				"south": {"uv": [0, 0, 2, 2], "texture": "#0"},
				"west": {"uv": [0, 9, 2.5, 10.66667], "texture": "#0"},
				"up": {"uv": [0, 8, 2.5, 9], "rotation": 90, "texture": "#0"},
				"down": {"uv": [0, 10.66667, 2.5, 11.66667], "rotation": 270, "texture": "#0"}
			}
		},
		{
			"from": [7, 8.5, 23.5],
			"to": [8.5, 12, 32],
			"rotation": {"angle": 22.5, "axis": "x", "origin": [7.75, 12, 23.5]},
			"faces": {
				"north": {"uv": [2.5, 8.33333, 2.75, 10.66667], "texture": "#0"},
				"east": {"uv": [6.75, 8.33333, 2.5, 10.66667], "texture": "#0"},
				"south": {"uv": [6.75, 8.33333, 7.5, 10.66667], "texture": "#0"},
				"west": {"uv": [2.5, 8.33333, 6.75, 10.66667], "texture": "#0"},
				"up": {"uv": [7.75, 2.33333, 10.5, 3.66667], "rotation": 90, "texture": "#0"},
				"down": {"uv": [2.5, 10.66667, 6.75, 11.66667], "rotation": 270, "texture": "#0"}
			}
		},
		{
			"from": [6.75, 8.5, 23.5],
			"to": [8.75, 12, 31.5],
			"rotation": {"angle": 0, "axis": "x", "origin": [8.75, 8.5, 30.5]},
			"faces": {
				"north": {"uv": [7, 4.66667, 7.25, 7], "texture": "#0"},
				"east": {"uv": [11, 4.66667, 7, 7], "texture": "#0"},
				"south": {"uv": [11, 4.66667, 12, 7], "texture": "#0"},
				"west": {"uv": [7, 4.66667, 11, 7], "texture": "#0"},
				"up": {"uv": [7, 7, 11, 8.33333], "rotation": 90, "texture": "#0"},
				"down": {"uv": [7, 6.66667, 11, 7], "rotation": 270, "texture": "#0"}
			}
		},
		{
			"from": [6.5, 10.5, 11.5],
			"to": [9, 13, 18.5],
			"rotation": {"angle": 0, "axis": "x", "origin": [8, 10.5, 20.5]},
			"faces": {
				"north": {"uv": [0, 4.66667, 0.25, 6.33333], "texture": "#0"},
				"east": {"uv": [3.5, 4.66667, 0, 6.33333], "texture": "#0"},
				"south": {"uv": [3.25, 4.66667, 3.5, 6.33333], "texture": "#0"},
				"west": {"uv": [0, 4.66667, 3.5, 6.33333], "texture": "#0"},
				"up": {"uv": [0, 6.33333, 3.5, 8], "rotation": 90, "texture": "#0"},
				"down": {"uv": [3.5, 4.66667, 7, 6.33334], "rotation": 270, "texture": "#0"}
			}
		}
	],
	"display": {
		"thirdperson_righthand": {
			"rotation": [5, -15, 5],
			"translation": [0.5, -2.25, -7.75],
			"scale": [0.8, 0.8, 0.8]
		},
		"thirdperson_lefthand": {
			"rotation": [5, -15, 5],
			"translation": [0.5, -2.25, -7.75],
			"scale": [0.8, 0.8, 0.8]
		},
		"firstperson_righthand": {
			"rotation": [2.5, -10, 0.5],
			"translation": [1.7, -0.75, -1]
		},
		"firstperson_lefthand": {
			"rotation": [2.5, -0.5, 2],
			"translation": [0, -1.5, -7.25]
		},
		"ground": {
			"rotation": [0, 0, 90],
			"translation": [3.75, -1.75, -2.5],
			"scale": [0.8, 0.8, 0.8]
		},
		"gui": {
			"rotation": [-45, 145, 30],
			"translation": [-1, -0.75, 0],
			"scale": [0.46, 0.46, 0.46]
		},
		"head": {
			"rotation": [90, 20, 90],
			"translation": [2, -1.25, 7.25]
		},
		"fixed": {
			"rotation": [0, 90, 0],
			"translation": [-2.25, -4.5, -1]
		}
	}
}