{
	"credit": "Made with Blockbench",
	"textures": {
		"0": "./luger",
		"particle": "./luger"
	},
	"elements": [
		{
			"from": [7.25, 14.25, 2],
			"to": [8.75, 16.25, 6.5],
			"rotation": {"angle": 0, "axis": "y", "origin": [15.25, 22.25, 10]},
			"faces": {
				"north": {"uv": [6, 0, 6.5, 2], "texture": "#0"},
				"east": {"uv": [10.5, 0, 6, 2], "texture": "#0"},
				"south": {"uv": [0, 0, 1.5, 1], "texture": "#0"},
				"west": {"uv": [6, 0, 10.5, 2], "texture": "#0"},
				"up": {"uv": [6, 2, 10.5, 3.5], "rotation": 90, "texture": "#0"},
				"down": {"uv": [6, 1.5, 10.5, 2], "rotation": 270, "texture": "#0"}
			}
		},
		{
			"from": [8, 11.75, 2],
			"to": [8, 14.25, 6],
			"rotation": {"angle": 0, "axis": "y", "origin": [16, 19.75, 10]},
			"faces": {
				"north": {"uv": [0, 0, 0, 2.5], "texture": "#0"},
				"east": {"uv": [4, 9, 0, 11.5], "texture": "#0"},
				"south": {"uv": [0, 0, 0, 2.5], "texture": "#0"},
				"west": {"uv": [0, 9, 4, 11.5], "texture": "#0"},
				"up": {"uv": [0, 0, 0, 2.5], "texture": "#0"},
				"down": {"uv": [0, 0, 0, 2.5], "texture": "#0"}
			}
		},
		{
			"from": [8, 16, -3.5],
			"to": [8, 16.5, -2],
			"rotation": {"angle": 0, "axis": "y", "origin": [16, 24, 4.5]},
			"faces": {
				"north": {"uv": [0, 0, 0, 1], "texture": "#0"},
				"east": {"uv": [4.5, 7.5, 3, 8], "texture": "#0"},
				"south": {"uv": [0, 0, 0, 1], "texture": "#0"},
				"west": {"uv": [3, 7.5, 4.5, 8], "texture": "#0"},
				"up": {"uv": [0, 0, 0, 1], "texture": "#0"},
				"down": {"uv": [0, 0, 0, 1], "texture": "#0"}
			}
		},
		{
			"from": [7.5, 15, -3.5],
			"to": [8.5, 16, 2],
			"rotation": {"angle": 0, "axis": "y", "origin": [15.5, 23, 4.5]},
			"faces": {
				"north": {"uv": [8.5, 6.5, 9.5, 7.5], "texture": "#0"},
				"east": {"uv": [8.5, 6.5, 3, 7.5], "texture": "#0"},
				"south": {"uv": [7.5, 1.5, 10, 3], "texture": "#0"},
				"west": {"uv": [3, 6.5, 8.5, 7.5], "texture": "#0"},
				"up": {"uv": [3, 6.5, 8.5, 7], "rotation": 90, "texture": "#0"},
				"down": {"uv": [3, 7, 8.5, 7.5], "rotation": 270, "texture": "#0"}
			}
		},
		{
			"from": [7.25, 14.75, -8.5],
			"to": [8.75, 16.25, -3.5],
			"rotation": {"angle": 0, "axis": "y", "origin": [15.25, 22.75, -0.5]},
			"faces": {
				"north": {"uv": [5, 13, 6.5, 14.5], "texture": "#0"},
				"east": {"uv": [5, 14.5, 0, 16], "texture": "#0"},
				"south": {"uv": [4.5, 14.5, 5, 16], "texture": "#0"},
				"west": {"uv": [0, 14.5, 5, 16], "texture": "#0"},
				"up": {"uv": [0, 13, 5, 14.5], "rotation": 90, "texture": "#0"},
				"down": {"uv": [5, 14.5, 10, 16], "rotation": 270, "texture": "#0"}
			}
		},
		{
			"from": [7.25, 8.25, 4.5],
			"to": [8.75, 14.25, 7.5],
			"rotation": {"angle": -22.5, "axis": "x", "origin": [8.5, 14.25, 4.5]},
			"faces": {
				"north": {"uv": [4.5, 0, 6, 6], "texture": "#0"},
				"east": {"uv": [3, 0, 0, 6], "texture": "#0"},
				"south": {"uv": [3, 0, 4.5, 6], "texture": "#0"},
				"west": {"uv": [0, 0, 3, 6], "texture": "#0"},
				"up": {"uv": [1.5, 5, 2, 8], "rotation": 180, "texture": "#0"},
				"down": {"uv": [0, 6.5, 3, 8], "rotation": 270, "texture": "#0"}
			}
		},
		{
			"from": [7, 14, 6.25],
			"to": [9, 16.5, 9.25],
			"rotation": {"angle": 0, "axis": "x", "origin": [8.5, 14, 6.5]},
			"faces": {
				"north": {"uv": [6, 3.5, 6.5, 6], "texture": "#0"},
				"east": {"uv": [9, 3.5, 6, 6], "texture": "#0"},
				"south": {"uv": [9, 3.5, 11, 6], "texture": "#0"},
				"west": {"uv": [6, 3.5, 9, 6], "texture": "#0"},
				"up": {"uv": [10.5, 0, 13.5, 2], "rotation": 90, "texture": "#0"},
				"down": {"uv": [6, 5.5, 9, 6], "rotation": 270, "texture": "#0"}
			}
		}
	],
	"display": {
		"thirdperson_righthand": {
			"rotation": [3.5, 1.5, 4],
			"translation": [0, -4.5, 2.5],
			"scale": [0.8, 0.8, 0.8]
		},
		"thirdperson_lefthand": {
			"rotation": [3.5, 1.5, 4],
			"translation": [0, -4.5, 2.5],
			"scale": [0.8, 0.8, 0.8]
		},
		"firstperson_righthand": {
			"rotation": [2, -1, 2],
			"translation": [-1, -4, 2.5]
		},
		"firstperson_lefthand": {
			"rotation": [2, -1, 2],
			"translation": [-1, -4, 2.5]
		},
		"ground": {
			"rotation": [0, 0, 90],
			"translation": [4.5, -2, 3.5],
			"scale": [0.8, 0.8, 0.8]
		},
		"gui": {
			"rotation": [-35, 135, 5],
			"translation": [5.5, -8, 0],
			"scale": [1.1, 1.1, 1.1]
		},
		"head": {
			"translation": [0, -0.5, -0.25]
		},
		"fixed": {
			"rotation": [0, 90, 0],
			"translation": [7.75, -5.5, -0.75]
		}
	}
}