{
	"credit": "Made with Blockbench",
	"textures": {
		"0": "./usp",
		"particle": "./usp"
	},
	"elements": [
		{
			"from": [8, 13, 2.25],
			"to": [8, 14.5, 5.25],
			"rotation": {"angle": 0, "axis": "y", "origin": [16, 21, 10.25]},
			"faces": {
				"north": {"uv": [0, 0, 0, 2.5], "texture": "#0"},
				"east": {"uv": [11, 5, 8, 6.5], "texture": "#0"},
				"south": {"uv": [0, 0, 0, 2.5], "texture": "#0"},
				"west": {"uv": [8, 5, 11, 6.5], "texture": "#0"},
				"up": {"uv": [0, 0, 0, 2.5], "texture": "#0"},
				"down": {"uv": [0, 0, 0, 2.5], "texture": "#0"}
			}
		},
		{
			"from": [8, 17, 0.25],
			"to": [8, 17.5, 1.25],
			"rotation": {"angle": 0, "axis": "y", "origin": [16, 25, 8.25]},
			"faces": {
				"north": {"uv": [0, 0, 0, 1], "texture": "#0"},
				"east": {"uv": [15, 0, 16, 0.5], "texture": "#0"},
				"south": {"uv": [0, 0, 0, 1], "texture": "#0"},
				"west": {"uv": [15, 0, 16, 0.5], "rotation": 180, "texture": "#0"},
				"up": {"uv": [0, 0, 0, 1], "texture": "#0"},
				"down": {"uv": [0, 0, 0, 1], "texture": "#0"}
			}
		},
		{
			"from": [7, 14.5, -0.25],
			"to": [9, 17, 7.75],
			"rotation": {"angle": 0, "axis": "y", "origin": [14.75, 23.5, 9.25]},
			"faces": {
				"north": {"uv": [7, 0, 7.5, 2.5], "texture": "#0"},
				"east": {"uv": [8, 2.5, 0, 5], "texture": "#0"},
				"south": {"uv": [7.5, 0, 8, 2.5], "texture": "#0"},
				"west": {"uv": [0, 0, 8, 2.5], "texture": "#0"},
				"up": {"uv": [0, 5, 8, 7], "rotation": 90, "texture": "#0"},
				"down": {"uv": [0, 7, 8, 9], "rotation": 270, "texture": "#0"}
			}
		},
		{
			"from": [7, 15, -8.75],
			"to": [9, 17, -0.75],
			"rotation": {"angle": 0, "axis": "y", "origin": [14.75, 24, 0.75]},
			"faces": {
				"north": {"uv": [8, 9, 10, 11], "texture": "#0"},
				"east": {"uv": [8, 9, 0, 11], "texture": "#0"},
				"south": {"uv": [4.5, 9, 5, 11], "texture": "#0"},
				"west": {"uv": [0, 9, 8, 11], "texture": "#0"},
				"up": {"uv": [0, 11, 8, 13], "rotation": 90, "texture": "#0"},
				"down": {"uv": [0, 13, 8, 15], "rotation": 270, "texture": "#0"}
			}
		},
		{
			"from": [7.5, 15.5, -0.75],
			"to": [8.5, 16.5, -0.25],
			"rotation": {"angle": 0, "axis": "y", "origin": [15.25, 24.5, 8.75]},
			"faces": {
				"north": {"uv": [7.5, 0, 9.5, 2], "texture": "#0"},
				"east": {"uv": [15, 0.5, 15.5, 1.5], "texture": "#0"},
				"south": {"uv": [7, 0, 7.5, 2], "texture": "#0"},
				"west": {"uv": [15, 0.5, 15.5, 1.5], "texture": "#0"},
				"up": {"uv": [15, 1.5, 15.5, 2.5], "rotation": 90, "texture": "#0"},
				"down": {"uv": [15, 1, 15.5, 1.5], "rotation": 270, "texture": "#0"}
			}
		},
		{
			"from": [7.25, 11, 3.75],
			"to": [8.75, 16, 6.25],
			"rotation": {"angle": -22.5, "axis": "x", "origin": [8.25, 17, 7.75]},
			"faces": {
				"north": {"uv": [13.5, 0, 12, 5], "texture": "#0"},
				"east": {"uv": [10.5, 0, 8, 5], "texture": "#0"},
				"south": {"uv": [10.5, 0, 12, 5], "texture": "#0"},
				"west": {"uv": [8, 0, 10.5, 5], "texture": "#0"},
				"down": {"uv": [8, 4.5, 10.5, 5], "rotation": 270, "texture": "#0"}
			}
		},
		{
			"from": [7.25, 14.5, 6.25],
			"to": [8.75, 17, 7.75],
			"rotation": {"angle": -22.5, "axis": "x", "origin": [8.25, 17, 7.75]},
			"faces": {
				"north": {"uv": [0, 0, 1.5, 2], "rotation": 180, "texture": "#0"},
				"east": {"uv": [15, 0, 13.5, 2.5], "texture": "#0"},
				"south": {"uv": [13.5, 2.5, 15, 5], "texture": "#0"},
				"west": {"uv": [13.5, 0, 15, 2.5], "texture": "#0"},
				"up": {"uv": [8.5, 2.5, 9, 3], "rotation": 180, "texture": "#0"},
				"down": {"uv": [13.5, 2, 15, 2.5], "rotation": 270, "texture": "#0"}
			}
		}
	],
	"display": {
		"thirdperson_righthand": {
			"rotation": [2.5, 0.5, 3],
			"translation": [0, -5.25, 2.75],
			"scale": [0.8, 0.8, 0.8]
		},
		"thirdperson_lefthand": {
			"rotation": [2.5, 0.5, 3],
			"translation": [0, -5.25, 2.75],
			"scale": [0.8, 0.8, 0.8]
		},
		"firstperson_righthand": {
			"rotation": [22, 5.5, 6],
			"translation": [1, -5.5, -4.5]
		},
		"firstperson_lefthand": {
			"rotation": [22, 5.5, 6],
			"translation": [1, -5.5, -4.5]
		},
		"ground": {
			"rotation": [0, 0, 90],
			"translation": [4.75, -2, 6.5],
			"scale": [0.8, 0.8, 0.8]
		},
		"gui": {
			"rotation": [-35, 135, 5],
			"translation": [5.75, -8.75, 0],
			"scale": [1.09, 1.09, 1.09]
		},
		"head": {
			"translation": [0, 0, -0.25]
		},
		"fixed": {
			"rotation": [0, 90, 0],
			"translation": [8.25, -5.5, -0.25]
		}
	}
}