{
	"credit": "Made with Blockbench",
	"texture_size": [32, 32],
	"textures": {
		"0": "./gvozd",
		"particle": "./gvozd"
	},
	"elements": [
		{
			"from": [7.5, 14, 1.5],
			"to": [8.5, 15, 5],
			"rotation": {"angle": 0, "axis": "y", "origin": [15.5, 22, 9.5]},
			"faces": {
				"north": {"uv": [3.5, 5, 4.5, 6], "texture": "#0"},
				"east": {"uv": [3.5, 5, 0, 6], "texture": "#0"},
				"south": {"uv": [0, 0, 0.5, 0.5], "texture": "#0"},
				"west": {"uv": [0, 5, 3.5, 6], "texture": "#0"},
				"up": {"uv": [0, 5, 3.5, 5.5], "rotation": 90, "texture": "#0"},
				"down": {"uv": [0, 5.5, 3.5, 6], "rotation": 270, "texture": "#0"}
			}
		},
		{
			"from": [6.75, 13.25, 5],
			"to": [9.25, 15.75, 11],
			"rotation": {"angle": 0, "axis": "y", "origin": [14.75, 21.25, 13]},
			"faces": {
				"north": {"uv": [6, 2.5, 8.5, 5], "texture": "#0"},
				"east": {"uv": [6, 0, 0, 2.5], "texture": "#0"},
				"south": {"uv": [6, 0, 8.5, 2.5], "texture": "#0"},
				"west": {"uv": [0, 0, 6, 2.5], "texture": "#0"},
				"up": {"uv": [0, 2.5, 6, 5], "rotation": 90, "texture": "#0"},
				"down": {"uv": [0, 2, 6, 2.5], "rotation": 270, "texture": "#0"}
			}
		},
		{
			"from": [8, 11, 2.25],
			"to": [8, 14, 4.75],
			"rotation": {"angle": 0, "axis": "y", "origin": [16, 19, 10.25]},
			"faces": {
				"north": {"uv": [0, 0, 0, 1.5], "texture": "#0"},
				"east": {"uv": [11, 0, 8.5, 3], "texture": "#0"},
				"south": {"uv": [0, 0, 0, 1.5], "texture": "#0"},
				"west": {"uv": [8.5, 0, 11, 3], "texture": "#0"},
				"up": {"uv": [0, 0, 0, 2.5], "texture": "#0"},
				"down": {"uv": [0, 0, 0, 2.5], "texture": "#0"}
			}
		},
		{
			"from": [8, 11.75, 5],
			"to": [8, 13.25, 7],
			"rotation": {"angle": 0, "axis": "y", "origin": [16, 19.75, 13]},
			"faces": {
				"north": {"uv": [0, 0, 0, 1.5], "texture": "#0"},
				"east": {"uv": [10.5, 3, 8.5, 4.5], "texture": "#0"},
				"south": {"uv": [0, 0, 0, 1.5], "texture": "#0"},
				"west": {"uv": [8.5, 3, 10.5, 4.5], "texture": "#0"},
				"up": {"uv": [0, 0, 0, 2.5], "texture": "#0"},
				"down": {"uv": [0, 0, 0, 2.5], "texture": "#0"}
			}
		},
		{
			"from": [8, 8.25, 5.75],
			"to": [8, 9.25, 7.25],
			"rotation": {"angle": 0, "axis": "y", "origin": [16, 16.25, 13.75]},
			"faces": {
				"north": {"uv": [0, 0, 0, 0.5], "texture": "#0"},
				"east": {"uv": [6, 5, 4.5, 6], "texture": "#0"},
				"south": {"uv": [0, 0, 0, 0.5], "texture": "#0"},
				"west": {"uv": [4.5, 5, 6, 6], "texture": "#0"},
				"up": {"uv": [0, 0, 0, 0.5], "texture": "#0"},
				"down": {"uv": [0, 0, 0, 0.5], "texture": "#0"}
			}
		},
		{
			"from": [7, 12.75, 1.5],
			"to": [7, 15.75, 4.5],
			"rotation": {"angle": 0, "axis": "y", "origin": [15, 20.75, 9.5]},
			"faces": {
				"north": {"uv": [0, 0, 0, 1.5], "texture": "#0"},
				"east": {"uv": [4.5, 6, 1.5, 9], "texture": "#0"},
				"south": {"uv": [0, 0, 0, 1.5], "texture": "#0"},
				"west": {"uv": [1.5, 6, 4.5, 9], "texture": "#0"},
				"up": {"uv": [0, 0, 0, 1.5], "texture": "#0"},
				"down": {"uv": [0, 0, 0, 1.5], "texture": "#0"}
			}
		},
		{
			"from": [9, 12.75, 1.5],
			"to": [9, 15.75, 4.5],
			"rotation": {"angle": 0, "axis": "y", "origin": [17, 20.75, 9.5]},
			"faces": {
				"north": {"uv": [0, 0, 0, 1.5], "texture": "#0"},
				"east": {"uv": [4.5, 6, 1.5, 9], "texture": "#0"},
				"south": {"uv": [0, 0, 0, 1.5], "texture": "#0"},
				"west": {"uv": [1.5, 6, 4.5, 9], "texture": "#0"},
				"up": {"uv": [0, 0, 0, 1.5], "texture": "#0"},
				"down": {"uv": [0, 0, 0, 1.5], "texture": "#0"}
			}
		},
		{
			"from": [7, 12.75, 1.5],
			"to": [9, 13.75, 1.5],
			"rotation": {"angle": 0, "axis": "y", "origin": [15, 20.75, 9.5]},
			"faces": {
				"north": {"uv": [1.5, 8, 3, 9], "texture": "#0"},
				"east": {"uv": [0, 0, 1.5, 1.5], "texture": "#0"},
				"south": {"uv": [1.5, 8, 3, 9], "texture": "#0"},
				"west": {"uv": [0, 0, 1.5, 1.5], "texture": "#0"},
				"up": {"uv": [0, 0, 0, 1.5], "texture": "#0"},
				"down": {"uv": [0, 0, 0, 1.5], "texture": "#0"}
			}
		},
		{
			"from": [7, 15.75, 1.5],
			"to": [9, 15.75, 3],
			"rotation": {"angle": 0, "axis": "y", "origin": [15, 23.75, 9.5]},
			"faces": {
				"north": {"uv": [0, 0, 1, 0], "texture": "#0"},
				"east": {"uv": [0, 0, 1.5, 0], "texture": "#0"},
				"south": {"uv": [0, 0, 1, 0], "texture": "#0"},
				"west": {"uv": [0, 0, 1.5, 0], "texture": "#0"},
				"up": {"uv": [0, 6, 1.5, 8], "rotation": 90, "texture": "#0"},
				"down": {"uv": [0, 6, 1.5, 8], "rotation": 270, "texture": "#0"}
			}
		},
		{
			"from": [7.25, 7.75, 7],
			"to": [8.75, 13.25, 8.5],
			"rotation": {"angle": 0, "axis": "x", "origin": [7.25, 7.75, 7]},
			"faces": {
				"north": {"uv": [11, 0, 11.5, 5.5], "texture": "#0"},
				"east": {"uv": [12.5, 0, 11, 5.5], "texture": "#0"},
				"south": {"uv": [12, 0, 12.5, 5.5], "texture": "#0"},
				"west": {"uv": [11, 0, 12.5, 5.5], "texture": "#0"},
				"up": {"uv": [0, 0, 0.75, 0.75], "rotation": 180, "texture": "#0"},
				"down": {"uv": [11, 5, 12.5, 5.5], "rotation": 270, "texture": "#0"}
			}
		},
		{
			"from": [5.25, 5.5, 3.5],
			"to": [10.75, 11, 7],
			"rotation": {"angle": -22.5, "axis": "x", "origin": [5.25, 5.5, 3.5]},
			"faces": {
				"north": {"uv": [10.5, 5.5, 16, 11], "texture": "#0"},
				"east": {"uv": [10.5, 10.5, 7, 16], "texture": "#0"},
				"south": {"uv": [10.5, 10.5, 16, 16], "texture": "#0"},
				"west": {"uv": [7, 10.5, 10.5, 16], "texture": "#0"},
				"up": {"uv": [7, 5.5, 10.5, 11], "rotation": 90, "texture": "#0"},
				"down": {"uv": [12.5, 0, 16, 5.5], "rotation": 270, "texture": "#0"}
			}
		}
	],
	"display": {
		"thirdperson_righthand": {
			"rotation": [1.5, 1, 4],
			"translation": [0, -3.75, 1.25],
			"scale": [0.8, 0.8, 0.8]
		},
		"thirdperson_lefthand": {
			"rotation": [1.5, 1, 4],
			"translation": [0, -3.75, 1.25],
			"scale": [0.8, 0.8, 0.8]
		},
		"firstperson_righthand": {
			"rotation": [22, 5, 6],
			"translation": [3.25, -3.25, -7]
		},
		"firstperson_lefthand": {
			"rotation": [22, 5, 6],
			"translation": [3.25, -3.25, -7]
		},
		"ground": {
			"rotation": [0, 0, 90],
			"translation": [2.75, -0.5, 1.75],
			"scale": [0.8, 0.8, 0.8]
		},
		"gui": {
			"rotation": [-30, 130, 3],
			"translation": [2, -4.25, 0],
			"scale": [1.17, 1.17, 1.17]
		},
		"head": {
			"rotation": [-67, 0, 0],
			"translation": [0, 11.5, 3.25]
		},
		"fixed": {
			"rotation": [0, 90, 0],
			"translation": [1.5, -3.25, -1.75]
		}
	}
}