{
	"credit": "Made with Blockbench",
	"texture_size": [80, 48],
	"textures": {
		"particle": "./awped"
	},
	"elements": [
		{
			"from": [7, 17, 13],
			"to": [9, 19, 20],
			"rotation": {"angle": 0, "axis": "x", "origin": [8.5, 17, 16.5]},
			"faces": {
				"north": {"uv": [13.8, 4.66667, 14.6, 6], "texture": "#particle"},
				"east": {"uv": [13, 4.66667, 10.2, 6], "rotation": 180, "texture": "#particle"},
				"south": {"uv": [13, 4.66667, 13.8, 6], "texture": "#particle"},
				"west": {"uv": [10.2, 4.66667, 13, 6], "rotation": 180, "texture": "#particle"},
				"up": {"uv": [10.2, 4.66667, 13, 6], "rotation": 270, "texture": "#particle"},
				"down": {"uv": [10.2, 4.66667, 13, 6], "rotation": 90, "texture": "#particle"}
			}
		},
		{
			"from": [6.75, 16.75, 8.5],
			"to": [9.25, 19.25, 13],
			"rotation": {"angle": 0, "axis": "x", "origin": [8.25, 16.75, 16.5]},
			"faces": {
				"north": {"uv": [12, 6, 13, 7.66667], "texture": "#particle"},
				"east": {"uv": [12, 6, 10.2, 7.66667], "rotation": 180, "texture": "#particle"},
				"south": {"uv": [13, 6, 14, 7.66667], "texture": "#particle"},
				"west": {"uv": [10.2, 6, 12, 7.66667], "rotation": 180, "texture": "#particle"},
				"up": {"uv": [10.2, 6, 12, 7.66667], "rotation": 270, "texture": "#particle"},
				"down": {"uv": [10.2, 6, 12, 7.66667], "rotation": 90, "texture": "#particle"}
			}
		},
		{
			"from": [8, 16, 10.5],
			"to": [8, 17, 18.5],
			"rotation": {"angle": 0, "axis": "z", "origin": [8, 17.5, 18.5]},
			"faces": {
				"north": {"uv": [0, 0, 1, 1], "texture": "#particle"},
				"east": {"uv": [3.2, 7, 0, 7.66667], "texture": "#particle"},
				"south": {"uv": [4.5, 0, 5, 0.66667], "texture": "#particle"},
				"west": {"uv": [0, 7, 3.2, 7.66667], "texture": "#particle"},
				"up": {"uv": [0, 11.33333, 4.75, 11.66667], "rotation": 90, "texture": "#particle"},
				"down": {"uv": [2.75, 7.33333, 3, 7.66667], "texture": "#particle"}
			}
		},
		{
			"from": [8.25, 15.5, 16],
			"to": [9.25, 18, 16],
			"rotation": {"angle": -45, "axis": "z", "origin": [8.75, 15.5, 16]},
			"faces": {
				"north": {"uv": [3, 4.66667, 2, 5.33333], "rotation": 90, "texture": "#particle"},
				"east": {"uv": [2.75, 7.33333, 3, 7.66667], "rotation": 270, "texture": "#particle"},
				"south": {"uv": [2, 4.66667, 3, 5.33333], "rotation": 270, "texture": "#particle"},
				"west": {"uv": [0, 11.33333, 4.75, 11.66667], "texture": "#particle"},
				"up": {"uv": [4.75, 11.33333, 0, 12], "rotation": 270, "texture": "#particle"},
				"down": {"uv": [0, 11.33333, 4.75, 12], "rotation": 270, "texture": "#particle"}
			}
		},
		{
			"from": [7.25, 14.5, -15],
			"to": [8.75, 16, 18.5],
			"rotation": {"angle": 0, "axis": "x", "origin": [8.75, 13.5, -1]},
			"faces": {
				"north": {"uv": [13.4, 0, 14, 1], "texture": "#particle"},
				"east": {"uv": [13.4, 1, 0, 2], "texture": "#particle"},
				"south": {"uv": [13.6, 1, 14.2, 2], "texture": "#particle"},
				"west": {"uv": [0, 0, 13.4, 1], "texture": "#particle"},
				"up": {"uv": [0, 11, 13.4, 12], "rotation": 90, "texture": "#particle"},
				"down": {"uv": [0, 0.66667, 13.4, 1], "rotation": 270, "texture": "#particle"}
			}
		},
		{
			"from": [8, 11.5, 15.5],
			"to": [8, 13.5, 18.5],
			"rotation": {"angle": 0, "axis": "x", "origin": [9.5, 11.5, 24.5]},
			"faces": {
				"north": {"uv": [0, 0, 0, 2], "texture": "#particle"},
				"east": {"uv": [3.2, 3.33333, 2, 4.66667], "texture": "#particle"},
				"south": {"uv": [0, 0, 0, 2], "texture": "#particle"},
				"west": {"uv": [2, 3.33333, 3.2, 4.66667], "texture": "#particle"},
				"up": {"uv": [0, 0, 0, 6], "texture": "#particle"},
				"down": {"uv": [0, 0, 0, 6], "texture": "#particle"}
			}
		},
		{
			"from": [8, 10.5, 19],
			"to": [8, 13.5, 24],
			"rotation": {"angle": 0, "axis": "x", "origin": [9.5, 10.5, 29.25]},
			"faces": {
				"north": {"uv": [0, 0, 0, 2], "texture": "#particle"},
				"east": {"uv": [2, 4, 0, 6], "texture": "#particle"},
				"south": {"uv": [0, 0, 0, 2], "texture": "#particle"},
				"west": {"uv": [0, 4, 2, 6], "texture": "#particle"},
				"up": {"uv": [0, 0, 0, 6], "texture": "#particle"},
				"down": {"uv": [0, 0, 0, 6], "texture": "#particle"}
			}
		},
		{
			"from": [7, 13, 0.5],
			"to": [9, 15.5, 11],
			"rotation": {"angle": 0, "axis": "x", "origin": [8.5, 13, 12]},
			"faces": {
				"north": {"uv": [11.2, 9.33333, 12, 10.99999], "texture": "#particle"},
				"east": {"uv": [15.4, 7.66667, 11.2, 9.33333], "texture": "#particle"},
				"south": {"uv": [15.2, 7.66667, 15.4, 9.33333], "texture": "#particle"},
				"west": {"uv": [11.2, 7.66667, 15.4, 9.33333], "texture": "#particle"},
				"up": {"uv": [11.2, 7.66667, 15.4, 8], "rotation": 90, "texture": "#particle"},
				"down": {"uv": [9.4, 2, 13.6, 3.33333], "rotation": 270, "texture": "#particle"}
			}
		},
		{
			"from": [7, 11.5, 9],
			"to": [9, 15, 15.5],
			"rotation": {"angle": 0, "axis": "x", "origin": [8.5, 13, 13.5]},
			"faces": {
				"north": {"uv": [3.4, 8.66667, 3.6, 11], "texture": "#particle"},
				"east": {"uv": [6, 8.66667, 3.4, 11], "texture": "#particle"},
				"south": {"uv": [5.8, 8.66667, 6, 11], "texture": "#particle"},
				"west": {"uv": [3.4, 8.66667, 6, 11], "texture": "#particle"},
				"up": {"uv": [3.4, 8.66667, 6, 9.00001], "rotation": 90, "texture": "#particle"},
				"down": {"uv": [3.4, 10.66667, 6, 11], "rotation": 270, "texture": "#particle"}
			}
		},
		{
			"from": [6.75, 9, 24],
			"to": [9.25, 15.5, 32],
			"rotation": {"angle": 0, "axis": "x", "origin": [8.25, 10, 28.5]},
			"faces": {
				"north": {"uv": [3.2, 4.33333, 4.2, 8.66667], "texture": "#particle"},
				"east": {"uv": [9.2, 3.33333, 6, 7.66667], "texture": "#particle"},
				"south": {"uv": [9.2, 3.33333, 10.2, 7.66667], "texture": "#particle"},
				"west": {"uv": [6, 3.33333, 9.2, 7.66667], "texture": "#particle"},
				"up": {"uv": [6, 9.33333, 9.2, 11], "rotation": 90, "texture": "#particle"},
				"down": {"uv": [6, 7.66667, 9.2, 9.33333], "rotation": 270, "texture": "#particle"}
			}
		},
		{
			"from": [7, 13.5, 15.5],
			"to": [9, 15, 24],
			"rotation": {"angle": 0, "axis": "x", "origin": [8.5, 12.5, 12]},
			"faces": {
				"north": {"uv": [0, 2, 0.25, 4.33333], "texture": "#particle"},
				"east": {"uv": [9.4, 2.33333, 6, 3.33333], "texture": "#particle"},
				"south": {"uv": [2.5, 2, 2.75, 4.33333], "texture": "#particle"},
				"west": {"uv": [6, 2.33333, 9.4, 3.33333], "texture": "#particle"},
				"up": {"uv": [10.2, 3.33333, 13.6, 4.66667], "rotation": 90, "texture": "#particle"},
				"down": {"uv": [10.2, 3.33333, 13.6, 4.66667], "rotation": 270, "texture": "#particle"}
			}
		},
		{
			"from": [7, 9, 19.5],
			"to": [9, 10.5, 24],
			"rotation": {"angle": 0, "axis": "x", "origin": [8.5, 8, 16]},
			"faces": {
				"north": {"uv": [4.2, 4.33333, 4.4, 5.33333], "texture": "#particle"},
				"east": {"uv": [6, 4.33333, 4.2, 5.33333], "texture": "#particle"},
				"west": {"uv": [4.2, 4.33333, 6, 5.33333], "texture": "#particle"},
				"up": {"uv": [4.2, 4.33333, 6, 4.66667], "rotation": 90, "texture": "#particle"},
				"down": {"uv": [4.2, 5.33333, 6, 6.66667], "rotation": 270, "texture": "#particle"}
			}
		},
		{
			"from": [7.25, 10.5, 11.5],
			"to": [8.75, 11.5, 15],
			"rotation": {"angle": 0, "axis": "x", "origin": [8.25, 14.5, 11.5]},
			"faces": {
				"north": {"uv": [1.4, 3.33333, 2, 4], "texture": "#particle"},
				"east": {"uv": [1.4, 3.33333, 0, 4], "texture": "#particle"},
				"south": {"uv": [1.2, 3.33333, 1.4, 4], "texture": "#particle"},
				"west": {"uv": [0, 3.33333, 1.4, 4], "texture": "#particle"},
				"up": {"uv": [0, 0, 1, 1], "texture": "#particle"},
				"down": {"uv": [0, 6, 1.4, 7], "rotation": 270, "texture": "#particle"}
			}
		},
		{
			"from": [7.25, 9, 19.5],
			"to": [8.75, 14, 21],
			"rotation": {"angle": -22.5, "axis": "x", "origin": [7.25, 9, 19.5]},
			"faces": {
				"north": {"uv": [14.8, 0, 15.4, 3.33333], "texture": "#particle"},
				"east": {"uv": [14.8, 0, 14.2, 3.33333], "texture": "#particle"},
				"south": {"uv": [14.6, 0, 14.8, 3.33333], "texture": "#particle"},
				"west": {"uv": [14.2, 0, 14.8, 3.33333], "texture": "#particle"},
				"up": {"uv": [3.5, 5.66667, 8, 7.33333], "rotation": 90, "texture": "#particle"},
				"down": {"uv": [4.5, 4.66667, 9, 5], "rotation": 270, "texture": "#particle"}
			}
		}
	],
	"display": {
		"thirdperson_righthand": {
			"rotation": [2.5, 0, 10],
			"translation": [0.25, -3.75, -7.75],
			"scale": [0.8, 0.8, 0.8]
		},
		"thirdperson_lefthand": {
			"rotation": [41, 3.5, -0.5],
			"translation": [-0.75, 1.75, -7.25],
			"scale": [0.8, 0.8, 0.8]
		},
		"firstperson_righthand": {
			"rotation": [2.5, -0.5, 2],
			"translation": [-0.5, -1.5, -5]
		},
		"firstperson_lefthand": {
			"rotation": [2.5, -0.5, 2],
			"translation": [-0.5, -1.5, -5]
		},
		"ground": {
			"rotation": [0, 0, 90],
			"translation": [3.75, -1.75, -2.75],
			"scale": [0.8, 0.8, 0.8]
		},
		"gui": {
			"rotation": [-45, 145, 30],
			"translation": [-1.5, -1.25, 0],
			"scale": [0.45, 0.45, 0.45]
		},
		"head": {
			"rotation": [90, 20, 90],
			"translation": [2, -2, 7.5]
		},
		"fixed": {
			"rotation": [0, 90, 0],
			"translation": [-1.25, -4.5, -1]
		}
	}
}