{
	"credit": "Made with Blockbench",
	"texture_size": [96, 64],
	"textures": {
		"particle": "./sasha"
	},
	"elements": [
		{
			"from": [5.5, 11.25, -14.5],
			"to": [10.5, 16.25, 3.5],
			"rotation": {"angle": 0, "axis": "x", "origin": [7, 11.25, -4.5]},
			"faces": {
				"north": {"uv": [6, 0, 7.66667, 2.5], "rotation": 90, "texture": "#particle"},
				"east": {"uv": [0, 2.5, 6, 5], "texture": "#particle"},
				"south": {"uv": [13.75, 0, 14.25, 0.66667], "texture": "#particle"},
				"west": {"uv": [6, 2.5, 0, 5], "texture": "#particle"},
				"up": {"uv": [6, 0, 0, 2.5], "rotation": 90, "texture": "#particle"},
				"down": {"uv": [6, 0, 0, 2.5], "rotation": 270, "texture": "#particle"}
			}
		},
		{
			"from": [5.75, 2.25, 2],
			"to": [14.25, 10.75, 18],
			"rotation": {"angle": 0, "axis": "x", "origin": [7.25, 2.25, 12]},
			"faces": {
				"north": {"uv": [13, 4.25, 15.83333, 8.5], "texture": "#particle"},
				"east": {"uv": [7.66667, 4.25, 13, 8.5], "texture": "#particle"},
				"south": {"uv": [13, 0, 15.83333, 4.25], "texture": "#particle"},
				"west": {"uv": [13, 0, 7.66667, 4.25], "texture": "#particle"},
				"up": {"uv": [13, 0, 7.66667, 4.25], "rotation": 90, "texture": "#particle"},
				"down": {"uv": [13, 0, 7.66667, 4.25], "rotation": 270, "texture": "#particle"}
			}
		},
		{
			"from": [12.75, 5.75, 1.5],
			"to": [14.75, 10.75, 15.5],
			"rotation": {"angle": 0, "axis": "x", "origin": [14.25, 5.75, 11.5]},
			"faces": {
				"north": {"uv": [13, 8.5, 13.66666, 11], "texture": "#particle"},
				"east": {"uv": [8.33333, 8.5, 13, 11], "texture": "#particle"},
				"west": {"uv": [13, 8.5, 8.33333, 11], "texture": "#particle"}
			}
		},
		{
			"from": [12.752, 5.75, 15.5],
			"to": [14.748, 10.75, 1.502],
			"rotation": {"angle": 0, "axis": "x", "origin": [14.25, 5.75, 25.5]},
			"faces": {
				"east": {"uv": [13, 8.5, 8.33333, 11], "texture": "#particle"},
				"south": {"uv": [13.66666, 8.5, 13, 11], "texture": "#particle"},
				"west": {"uv": [8.33333, 8.5, 13, 11], "texture": "#particle"}
			}
		},
		{
			"from": [4.5, 11.25, 3.5],
			"to": [11.5, 17.25, 8.5],
			"rotation": {"angle": 0, "axis": "x", "origin": [6, 11.25, 13.5]},
			"faces": {
				"north": {"uv": [1.66667, 5, 4, 8], "texture": "#particle"},
				"east": {"uv": [0, 5, 1.66667, 8], "texture": "#particle"},
				"south": {"uv": [1.66667, 5, 4, 8], "texture": "#particle"},
				"west": {"uv": [1.66667, 5, 0, 8], "texture": "#particle"},
				"up": {"uv": [0, 8, 1.66667, 11.5], "rotation": 270, "texture": "#particle"},
				"down": {"uv": [1.66667, 8, 3.33333, 11.5], "rotation": 90, "texture": "#particle"}
			}
		},
		{
			"from": [4.75, 9.75, 6.5],
			"to": [11.25, 11.25, 6.5],
			"rotation": {"angle": 0, "axis": "z", "origin": [4.75, 13.25, 6.5]},
			"faces": {
				"north": {"uv": [0, 13.75, 2.16667, 14.5], "texture": "#particle"},
				"east": {"uv": [5.5, 6, 0, 6.66667], "texture": "#particle"},
				"south": {"uv": [2.16667, 13.75, 0, 14.5], "texture": "#particle"},
				"west": {"uv": [0, 6, 5.5, 6.66667], "texture": "#particle"},
				"up": {"uv": [0, 6.66667, 5.5, 7.33333], "rotation": 90, "texture": "#particle"},
				"down": {"uv": [0, 6.33333, 5.5, 6.66667], "rotation": 270, "texture": "#particle"}
			}
		},
		{
			"from": [10, 17.25, 4.5],
			"to": [6, 19.75, 6],
			"rotation": {"angle": 0, "axis": "x", "origin": [10, 17.25, 4.5]},
			"faces": {
				"east": {"uv": [6.5, 5.75, 6, 7], "texture": "#particle"},
				"west": {"uv": [6, 5.75, 6.5, 7], "texture": "#particle"},
				"up": {"uv": [4.33333, 5.5, 5.66667, 5.75], "texture": "#particle"}
			}
		},
		{
			"from": [5, 17.25, 4.5],
			"to": [11, 21.25, 6],
			"rotation": {"angle": 0, "axis": "x", "origin": [5, 17.25, 4.5]},
			"faces": {
				"north": {"uv": [4, 5, 6, 7], "texture": "#particle"},
				"east": {"uv": [6.5, 5, 6, 7], "texture": "#particle"},
				"south": {"uv": [4, 5, 6, 7], "texture": "#particle"},
				"west": {"uv": [6, 5, 6.5, 7], "texture": "#particle"},
				"up": {"uv": [4, 7, 6, 7.75], "texture": "#particle"}
			}
		},
		{
			"from": [7.25, 17.25, 21.5],
			"to": [8.75, 23.25, 23],
			"rotation": {"angle": -45, "axis": "x", "origin": [7.25, 17.25, 21.5]},
			"faces": {
				"north": {"uv": [3.83333, 8, 4.33333, 11], "texture": "#particle"},
				"east": {"uv": [3.83333, 8, 3.33333, 11], "texture": "#particle"},
				"south": {"uv": [3.66667, 8, 3.83333, 11], "texture": "#particle"},
				"west": {"uv": [3.33333, 8, 3.83333, 11], "texture": "#particle"},
				"up": {"uv": [3.33333, 8, 3.83333, 8.25], "rotation": 90, "texture": "#particle"},
				"down": {"uv": [3.33333, 10.75, 3.83333, 11], "rotation": 270, "texture": "#particle"}
			}
		},
		{
			"from": [8, 15.25, 7.5],
			"to": [8, 21.75, 23.5],
			"rotation": {"angle": 0, "axis": "x", "origin": [8, 15.25, 7.5]},
			"faces": {
				"north": {"uv": [5.5, 6.66667, 6, 7.33333], "texture": "#particle"},
				"east": {"uv": [10, 11.75, 15.33333, 15], "texture": "#particle"},
				"south": {"uv": [13.75, 0, 14.25, 0.66667], "texture": "#particle"},
				"west": {"uv": [15.33333, 11.75, 10, 15], "texture": "#particle"},
				"up": {"uv": [0, 6.66667, 5.5, 7.33333], "rotation": 90, "texture": "#particle"},
				"down": {"uv": [0, 6.33333, 5.5, 6.66667], "rotation": 270, "texture": "#particle"}
			}
		},
		{
			"from": [9.75, 10.75, 12.5],
			"to": [14.75, 15.25, 16],
			"rotation": {"angle": 0, "axis": "z", "origin": [9.75, 10.75, 12.5]},
			"faces": {
				"east": {"uv": [14.83333, 9.5, 16, 11.75], "texture": "#particle"},
				"up": {"uv": [14.83333, 8.5, 16, 11], "rotation": 270, "texture": "#particle"}
			}
		},
		{
			"from": [9.75, 10.75, 16],
			"to": [14.748, 15.248, 12.5],
			"rotation": {"angle": 0, "axis": "z", "origin": [9.75, 10.75, 16]},
			"faces": {
				"east": {"uv": [16, 9.5, 14.83333, 11.75], "texture": "#particle"},
				"up": {"uv": [16, 8.5, 14.83333, 11], "rotation": 270, "texture": "#particle"}
			}
		},
		{
			"from": [8, 7.25, 17.5],
			"to": [8, 15.25, 19.5],
			"rotation": {"angle": 0, "axis": "x", "origin": [8, 7.25, 10.5]},
			"faces": {
				"north": {"uv": [5.5, 6.66667, 6, 7.33333], "texture": "#particle"},
				"east": {"uv": [16, 11.75, 15.33333, 15.75], "texture": "#particle"},
				"south": {"uv": [13.75, 0, 14.25, 0.66667], "texture": "#particle"},
				"west": {"uv": [15.33333, 11.75, 16, 15.75], "texture": "#particle"},
				"up": {"uv": [0, 6.66667, 5.5, 7.33333], "rotation": 90, "texture": "#particle"},
				"down": {"uv": [0, 6.33333, 5.5, 6.66667], "rotation": 270, "texture": "#particle"}
			}
		},
		{
			"from": [10, 0.75, 0],
			"to": [10, 2.25, 18],
			"rotation": {"angle": 0, "axis": "x", "origin": [10, 0.75, 0]},
			"faces": {
				"north": {"uv": [5.5, 6.66667, 6, 7.33333], "texture": "#particle"},
				"east": {"uv": [9.5, 15.25, 15.5, 16], "texture": "#particle"},
				"south": {"uv": [13.75, 0, 14.25, 0.66667], "texture": "#particle"},
				"west": {"uv": [15.5, 15.25, 9.5, 16], "texture": "#particle"},
				"up": {"uv": [0, 6.66667, 5.5, 7.33333], "rotation": 90, "texture": "#particle"},
				"down": {"uv": [0, 6.33333, 5.5, 6.66667], "rotation": 270, "texture": "#particle"}
			}
		},
		{
			"from": [10, 2.25, -1],
			"to": [10, 8.75, 1],
			"rotation": {"angle": 0, "axis": "x", "origin": [10, 2.25, -1]},
			"faces": {
				"north": {"uv": [5.5, 6.66667, 6, 7.33333], "texture": "#particle"},
				"east": {"uv": [9.33333, 12, 10, 15.25], "texture": "#particle"},
				"south": {"uv": [13.75, 0, 14.25, 0.66667], "texture": "#particle"},
				"west": {"uv": [10, 12, 9.33333, 15.25], "texture": "#particle"},
				"up": {"uv": [0, 6.66667, 5.5, 7.33333], "rotation": 90, "texture": "#particle"},
				"down": {"uv": [0, 6.33333, 5.5, 6.66667], "rotation": 270, "texture": "#particle"}
			}
		},
		{
			"from": [6.25, 12.25, 8.5],
			"to": [9.75, 15.75, 17.5],
			"rotation": {"angle": 0, "axis": "x", "origin": [7.75, 12.25, 17.5]},
			"faces": {
				"east": {"uv": [4.16667, 11.5, 7.16667, 13.25], "texture": "#particle"},
				"south": {"uv": [3, 11.5, 4.16667, 13.25], "texture": "#particle"},
				"west": {"uv": [3, 11.5, 0, 13.25], "texture": "#particle"},
				"up": {"uv": [3, 11.5, 0, 13.25], "rotation": 90, "texture": "#particle"},
				"down": {"uv": [3, 11.5, 0, 13.25], "rotation": 270, "texture": "#particle"}
			}
		},
		{
			"from": [9.75, 10.75, 11.5],
			"to": [12.75, 13.75, 17.5],
			"rotation": {"angle": 0, "axis": "x", "origin": [11.25, 10.75, 20.5]},
			"faces": {
				"north": {"uv": [2, 14.5, 3, 16], "texture": "#particle"},
				"east": {"uv": [0, 14.5, 2, 16], "texture": "#particle"},
				"south": {"uv": [2, 14.5, 3, 16], "texture": "#particle"},
				"west": {"uv": [2, 14.5, 0, 16], "texture": "#particle"},
				"up": {"uv": [2, 14.5, 0, 16], "rotation": 90, "texture": "#particle"}
			}
		},
		{
			"from": [8.75, 5.25, 0.5],
			"to": [11.25, 7.75, 2],
			"rotation": {"angle": 0, "axis": "x", "origin": [10.25, 5.25, 9.5]},
			"faces": {
				"north": {"uv": [6, 2.5, 6.83333, 3.75], "texture": "#particle"},
				"east": {"uv": [7.33333, 2.5, 6.83333, 3.75], "texture": "#particle"},
				"west": {"uv": [6.83333, 2.5, 7.33333, 3.75], "texture": "#particle"},
				"up": {"uv": [6.83333, 2.5, 7.33333, 3.75], "rotation": 90, "texture": "#particle"},
				"down": {"uv": [6.83333, 2.5, 7.33333, 3.75], "rotation": 270, "texture": "#particle"}
			}
		}
	],
	"display": {
		"thirdperson_righthand": {
			"rotation": [3.5, -2.5, -2.5],
			"translation": [-0.5, -11.5, -3],
			"scale": [0.8, 0.8, 0.8]
		},
		"thirdperson_lefthand": {
			"rotation": [3.5, -2.5, -2.5],
			"translation": [-0.5, -11.5, -3],
			"scale": [0.8, 0.8, 0.8]
		},
		"firstperson_righthand": {
			"rotation": [22, 5.5, 6.5],
			"translation": [2, -9.5, -3.5]
		},
		"firstperson_lefthand": {
			"rotation": [22, 5.5, 6.5],
			"translation": [2, -9.5, -3.5]
		},
		"ground": {
			"rotation": [0, 0, 90],
			"translation": [4, 0, 3],
			"scale": [0.8, 0.8, 0.8]
		},
		"gui": {
			"rotation": [-35, 145, 5],
			"translation": [1.25, -1.75, 0],
			"scale": [0.5, 0.5, 0.5]
		},
		"head": {
			"rotation": [90, 20, 90],
			"translation": [4.25, -14.25, 7.75],
			"scale": [1.28, 1.28, 1.28]
		},
		"fixed": {
			"rotation": [0, 90, 0],
			"translation": [3.75, -4.5, -1]
		}
	}
}