{
	"credit": "Made with Blockbench",
	"texture_size": [2048, 2048],
	"textures": {
		"0": "./v_stickybomb_launcher",
		"particle": "./v_stickybomb_launcher"
	},
	"elements": [
		{
			"from": [3.9, 9.35, 7.55],
			"to": [4, 11.15, 10.75],
			"rotation": {"angle": -22.5, "axis": "z", "origin": [7.5, 11, 9]},
			"faces": {
				"east": {"uv": [8.06251, 5.95313, 9.21093, 5.29688], "texture": "#0"},
				"west": {"uv": [8.06251, 4.64063, 9.21093, 5.29688], "texture": "#0"}
			}
		},
		{
			"from": [3.9, 10.29, 8.8125],
			"to": [4, 11.15, 9.5305],
			"rotation": {"angle": -22.5, "axis": "z", "origin": [7.5, 11, 9]},
			"faces": {
				"north": {"uv": [8.51563, 4.64844, 8.52344, 4.95313], "texture": "#0"},
				"east": {"uv": [8.77344, 4.64844, 8.51563, 4.95313], "texture": "#0"},
				"south": {"uv": [8.76563, 4.64844, 8.77344, 4.95313], "texture": "#0"},
				"up": {"uv": [8.51563, 4.65625, 8.77344, 4.66406], "rotation": 90, "texture": "#0"},
				"down": {"uv": [8.52344, 4.92188, 8.76563, 4.9375], "rotation": 90, "texture": "#0"}
			}
		},
		{
			"from": [4, 10.3, 6.003],
			"to": [7.5, 11.7, 11.997],
			"rotation": {"angle": 22.5, "axis": "z", "origin": [7.5, 11, 9]},
			"faces": {
				"north": {"uv": [7.82813, 9.29688, 8.375, 11.04688], "rotation": 90, "texture": "#0"},
				"east": {"uv": [0.26562, 0.26562, 0.17187, 0.37498], "texture": "#0"},
				"south": {"uv": [8.375, 9.29688, 7.82813, 11.04688], "rotation": 270, "texture": "#0"},
				"west": {"uv": [2.17188, 4.73438, 2.64063, 6.97656], "rotation": 270, "texture": "#0"},
				"up": {"uv": [0.17187, 0.26562, 0.28123, 0.35937], "rotation": 270, "texture": "#0"},
				"down": {"uv": [0.17187, 0.26562, 0.07812, 0.37497], "rotation": 90, "texture": "#0"}
			}
		},
		{
			"from": [4, 10.3, 6.004],
			"to": [7.5, 11.7, 11.996],
			"rotation": {"angle": 0, "axis": "y", "origin": [7.5, 11, 9]},
			"faces": {
				"north": {"uv": [7.22656, 9.30469, 7.77344, 11.10156], "rotation": 90, "texture": "#0"},
				"east": {"uv": [0.26562, 0.26562, 0.17187, 0.37498], "texture": "#0"},
				"south": {"uv": [7.77344, 9.30469, 7.22656, 11.10156], "rotation": 270, "texture": "#0"},
				"west": {"uv": [2.64063, 4.73438, 3.10938, 6.97656], "rotation": 270, "texture": "#0"},
				"up": {"uv": [0.17187, 0.26562, 0.28123, 0.35937], "rotation": 270, "texture": "#0"},
				"down": {"uv": [0.17187, 0.26562, 0.07812, 0.37497], "rotation": 90, "texture": "#0"}
			}
		},
		{
			"from": [7.5, 10.3, 6.004],
			"to": [11, 11.7, 11.996],
			"rotation": {"angle": 0, "axis": "y", "origin": [7.5, 11, 9]},
			"faces": {
				"north": {"uv": [12.375, 9.19531, 12.92188, 10.91406], "rotation": 270, "texture": "#0"},
				"east": {"uv": [1.70313, 4.73438, 1.23438, 6.97656], "rotation": 90, "texture": "#0"},
				"south": {"uv": [12.92188, 9.19531, 12.375, 10.91406], "rotation": 90, "texture": "#0"},
				"west": {"uv": [0.26562, 0.26562, 0.17187, 0.37498], "rotation": 270, "texture": "#0"},
				"up": {"uv": [0.17187, 0.26562, 0.07812, 0.37497], "rotation": 90, "texture": "#0"},
				"down": {"uv": [0.17187, 0.26562, 0.26562, 0.37498], "rotation": 270, "texture": "#0"}
			}
		},
		{
			"from": [4, 10.3, 6.0035],
			"to": [7.5, 11.7, 11.9975],
			"rotation": {"angle": -22.5, "axis": "z", "origin": [7.5, 11, 9]},
			"faces": {
				"north": {"uv": [6.50781, 9.28906, 7.05469, 11.07031], "rotation": 90, "texture": "#0"},
				"east": {"uv": [0.26562, 0.26562, 0.17187, 0.37498], "texture": "#0"},
				"south": {"uv": [7.05469, 9.28906, 6.50781, 11.07031], "rotation": 270, "texture": "#0"},
				"west": {"uv": [3.10938, 4.73438, 3.57813, 6.97656], "rotation": 270, "texture": "#0"},
				"up": {"uv": [0.17187, 0.26562, 0.28123, 0.35937], "rotation": 270, "texture": "#0"},
				"down": {"uv": [0.17187, 0.26562, 0.07812, 0.37497], "rotation": 90, "texture": "#0"}
			}
		},
		{
			"from": [4, 10.3, 6.0025],
			"to": [7.5, 11.7, 11.9985],
			"rotation": {"angle": -45, "axis": "z", "origin": [7.5, 11, 9]},
			"faces": {
				"north": {"uv": [5.78125, 9.28125, 6.32813, 11], "rotation": 90, "texture": "#0"},
				"east": {"uv": [0.26562, 0.26562, 0.17187, 0.37498], "texture": "#0"},
				"south": {"uv": [6.32813, 9.28125, 5.78125, 11], "rotation": 270, "texture": "#0"},
				"west": {"uv": [3.57813, 4.73438, 4.04688, 6.97656], "rotation": 270, "texture": "#0"},
				"up": {"uv": [0.17187, 0.26562, 0.28123, 0.35937], "rotation": 270, "texture": "#0"},
				"down": {"uv": [0.17187, 0.26562, 0.07812, 0.37497], "rotation": 90, "texture": "#0"}
			}
		},
		{
			"from": [6.8, 11, 6.001],
			"to": [8.2, 14.5, 11.999],
			"rotation": {"angle": 22.5, "axis": "z", "origin": [7.5, 11, 9]},
			"faces": {
				"north": {"uv": [5.125, 9.29688, 5.67188, 11.01563], "texture": "#0"},
				"east": {"uv": [0.17187, 0.26562, 0.26562, 0.37498], "rotation": 180, "texture": "#0"},
				"south": {"uv": [5.125, 11.01563, 5.67188, 9.29688], "rotation": 180, "texture": "#0"},
				"west": {"uv": [0.17187, 0.26562, 0.07812, 0.37497], "rotation": 270, "texture": "#0"},
				"up": {"uv": [4.04688, 4.73438, 4.51563, 6.97656], "texture": "#0"},
				"down": {"uv": [0.26562, 0.26562, 0.17187, 0.37498], "texture": "#0"}
			}
		},
		{
			"from": [6.8, 11, 6],
			"to": [8.2, 14.5, 12],
			"rotation": {"angle": 0, "axis": "z", "origin": [7.5, 11, 9]},
			"faces": {
				"north": {"uv": [2.47656, 10.84375, 3.02344, 12.5625], "rotation": 180, "texture": "#0"},
				"east": {"uv": [0.17187, 0.26562, 0.26562, 0.37498], "rotation": 180, "texture": "#0"},
				"south": {"uv": [3.02344, 10.84375, 2.47656, 12.5625], "rotation": 180, "texture": "#0"},
				"west": {"uv": [0.17187, 0.26562, 0.07812, 0.37497], "rotation": 270, "texture": "#0"},
				"up": {"uv": [0.17187, 0.26562, 0.26562, 0.37498], "rotation": 90, "texture": "#0"},
				"down": {"uv": [0.26562, 0.26562, 0.17187, 0.37498], "texture": "#0"}
			}
		},
		{
			"from": [6.8, 11, 6.001],
			"to": [8.2, 14.5, 11.999],
			"rotation": {"angle": -22.5, "axis": "z", "origin": [7.5, 11, 9]},
			"faces": {
				"north": {"uv": [6.14844, 2.29688, 6.69531, 4.01563], "texture": "#0"},
				"east": {"uv": [0.17187, 0.26562, 0.26562, 0.37498], "rotation": 180, "texture": "#0"},
				"south": {"uv": [6.14844, 2.29688, 6.69531, 4.01563], "texture": "#0"},
				"west": {"uv": [0.17187, 0.26562, 0.07812, 0.37497], "rotation": 270, "texture": "#0"},
				"up": {"uv": [0.17187, 0.26562, 0.26562, 0.37498], "rotation": 90, "texture": "#0"},
				"down": {"uv": [0.26562, 0.26562, 0.17187, 0.37498], "texture": "#0"}
			}
		},
		{
			"from": [6.8, 11, 6.0025],
			"to": [8.2, 14.5, 11.9985],
			"rotation": {"angle": -45, "axis": "z", "origin": [7.5, 11, 9]},
			"faces": {
				"north": {"uv": [13.66406, 9.17969, 14.21094, 10.89844], "texture": "#0"},
				"east": {"uv": [0.17187, 0.26562, 0.26562, 0.37498], "rotation": 180, "texture": "#0"},
				"south": {"uv": [14.21094, 9.17969, 13.66406, 10.89844], "texture": "#0"},
				"west": {"uv": [0.17187, 0.26562, 0.07812, 0.37497], "rotation": 270, "texture": "#0"},
				"up": {"uv": [2.64063, 4.73438, 2.17188, 6.97656], "texture": "#0"},
				"down": {"uv": [0.26562, 0.26562, 0.17187, 0.37498], "texture": "#0"}
			}
		},
		{
			"from": [7.5, 10.3, 6.0035],
			"to": [11, 11.7, 11.9975],
			"rotation": {"angle": 22.5, "axis": "z", "origin": [7.5, 11, 9]},
			"faces": {
				"north": {"uv": [13.08594, 9.17969, 13.63281, 10.89844], "rotation": 270, "texture": "#0"},
				"east": {"uv": [2.17188, 4.73438, 1.70313, 6.97656], "rotation": 90, "texture": "#0"},
				"south": {"uv": [13.63281, 9.17969, 13.08594, 10.89844], "rotation": 90, "texture": "#0"},
				"west": {"uv": [0.26562, 0.26562, 0.17187, 0.37498], "rotation": 270, "texture": "#0"},
				"up": {"uv": [0.17187, 0.26562, 0.07812, 0.37497], "rotation": 90, "texture": "#0"},
				"down": {"uv": [0.17187, 0.26562, 0.26562, 0.37498], "rotation": 270, "texture": "#0"}
			}
		},
		{
			"from": [7.5, 10.3, 6.003],
			"to": [11, 11.7, 11.997],
			"rotation": {"angle": -22.5, "axis": "z", "origin": [7.5, 11, 9]},
			"faces": {
				"north": {"uv": [11.73438, 9.1875, 12.28125, 10.90625], "rotation": 270, "texture": "#0"},
				"east": {"uv": [1.23438, 4.73438, 0.76563, 6.97656], "rotation": 90, "texture": "#0"},
				"south": {"uv": [12.28125, 9.1875, 11.73438, 10.90625], "rotation": 90, "texture": "#0"},
				"west": {"uv": [0.26562, 0.26562, 0.17187, 0.37498], "rotation": 270, "texture": "#0"},
				"up": {"uv": [0.17187, 0.26562, 0.07812, 0.37497], "rotation": 90, "texture": "#0"},
				"down": {"uv": [0.17187, 0.26562, 0.26562, 0.37498], "rotation": 270, "texture": "#0"}
			}
		},
		{
			"from": [7.5, 10.3, 6.002],
			"to": [11, 11.7, 11.998],
			"rotation": {"angle": -45, "axis": "z", "origin": [7.5, 11, 9]},
			"faces": {
				"north": {"uv": [11.07813, 9.25, 11.61719, 10.92969], "rotation": 270, "texture": "#0"},
				"east": {"uv": [0.76563, 4.73438, 0.29688, 6.97656], "rotation": 90, "texture": "#0"},
				"south": {"uv": [11.61719, 9.25, 11.07813, 10.92969], "rotation": 90, "texture": "#0"},
				"west": {"uv": [0.26562, 0.26562, 0.17187, 0.37498], "rotation": 270, "texture": "#0"},
				"up": {"uv": [0.07812, 0.26562, 0.17187, 0.37497], "rotation": 90, "texture": "#0"},
				"down": {"uv": [0.17187, 0.26562, 0.26562, 0.37498], "rotation": 270, "texture": "#0"}
			}
		},
		{
			"from": [6.8, 7.5, 6.001],
			"to": [8.2, 11, 11.999],
			"rotation": {"angle": 22.5, "axis": "z", "origin": [7.5, 11, 9]},
			"faces": {
				"north": {"uv": [10.47656, 9.21875, 11.02344, 10.9375], "rotation": 180, "texture": "#0"},
				"east": {"uv": [0.17187, 0.26562, 0.07812, 0.37497], "texture": "#0"},
				"south": {"uv": [11.02344, 9.21875, 10.47656, 10.9375], "rotation": 180, "texture": "#0"},
				"west": {"uv": [0.17187, 0.26562, 0.26562, 0.37498], "rotation": 270, "texture": "#0"},
				"up": {"uv": [0.26562, 0.26562, 0.17187, 0.37498], "rotation": 180, "texture": "#0"},
				"down": {"uv": [0.29688, 4.73438, 0.76563, 6.97656], "rotation": 180, "texture": "#0"}
			}
		},
		{
			"from": [6.8, 7.5, 6],
			"to": [8.2, 11, 12],
			"rotation": {"angle": 0, "axis": "z", "origin": [7.5, 11, 9]},
			"faces": {
				"north": {"uv": [9.74219, 9.24219, 10.28906, 10.89844], "rotation": 180, "texture": "#0"},
				"east": {"uv": [0.17187, 0.26562, 0.07812, 0.37497], "texture": "#0"},
				"south": {"uv": [10.28906, 9.24219, 9.74219, 10.89844], "rotation": 180, "texture": "#0"},
				"west": {"uv": [0.17187, 0.26562, 0.26562, 0.37498], "rotation": 270, "texture": "#0"},
				"up": {"uv": [0.26562, 0.26562, 0.17187, 0.37498], "rotation": 180, "texture": "#0"},
				"down": {"uv": [0.76563, 4.73438, 1.23438, 6.97656], "rotation": 180, "texture": "#0"}
			}
		},
		{
			"from": [6.8, 7.5, 6.001],
			"to": [8.2, 11, 11.999],
			"rotation": {"angle": -22.5, "axis": "z", "origin": [7.5, 11, 9]},
			"faces": {
				"north": {"uv": [9.07813, 9.24219, 9.625, 10.96094], "rotation": 180, "texture": "#0"},
				"east": {"uv": [0.17187, 0.26562, 0.07812, 0.37497], "texture": "#0"},
				"south": {"uv": [9.625, 9.24219, 9.07813, 10.96094], "rotation": 180, "texture": "#0"},
				"west": {"uv": [0.17187, 0.26562, 0.26562, 0.37498], "rotation": 270, "texture": "#0"},
				"up": {"uv": [0.26562, 0.26562, 0.17187, 0.37498], "rotation": 180, "texture": "#0"},
				"down": {"uv": [1.23438, 4.73438, 1.70313, 6.97656], "rotation": 180, "texture": "#0"}
			}
		},
		{
			"from": [6.8, 7.5, 6.002],
			"to": [8.2, 11, 11.998],
			"rotation": {"angle": -45, "axis": "z", "origin": [7.5, 11, 9]},
			"faces": {
				"north": {"uv": [8.52344, 9.26563, 9.07031, 10.98438], "rotation": 180, "texture": "#0"},
				"east": {"uv": [0.17187, 0.26562, 0.07812, 0.37497], "texture": "#0"},
				"south": {"uv": [9.07031, 9.26563, 8.52344, 10.98438], "rotation": 180, "texture": "#0"},
				"west": {"uv": [0.17187, 0.26562, 0.26562, 0.37498], "rotation": 270, "texture": "#0"},
				"up": {"uv": [0.26562, 0.26562, 0.17187, 0.37498], "rotation": 180, "texture": "#0"},
				"down": {"uv": [1.70313, 4.73438, 2.17188, 6.97656], "rotation": 180, "texture": "#0"}
			}
		},
		{
			"from": [5.75, 14, -1],
			"to": [8, 14.9, 3.5],
			"rotation": {"angle": 0, "axis": "y", "origin": [8, 14.45, 1.25]},
			"faces": {
				"north": {"uv": [15, 6.83594, 15.3125, 7.61719], "rotation": 90, "texture": "#0"},
				"south": {"uv": [12.96875, 1.3125, 13.21094, 1.32031], "rotation": 270, "texture": "#0"},
				"west": {"uv": [12.96875, 0.07813, 13.21094, 1.32031], "rotation": 270, "texture": "#0"}
			}
		},
		{
			"from": [5.75, 14, -1],
			"to": [8, 14.9, 3.5],
			"rotation": {"angle": -22.5, "axis": "z", "origin": [8, 14.45, 1.25]},
			"faces": {
				"north": {"uv": [15, 6.83594, 15.3125, 7.61719], "rotation": 90, "texture": "#0"},
				"south": {"uv": [13.21094, 1.3125, 13.45313, 1.32031], "rotation": 270, "texture": "#0"},
				"west": {"uv": [13.21094, 0.07813, 13.45313, 1.32031], "rotation": 270, "texture": "#0"}
			}
		},
		{
			"from": [5.75, 14, -1],
			"to": [8, 14.9, 3.5],
			"rotation": {"angle": -45, "axis": "z", "origin": [8, 14.45, 1.25]},
			"faces": {
				"north": {"uv": [15, 6.83594, 15.3125, 7.61719], "rotation": 90, "texture": "#0"},
				"south": {"uv": [13.45313, 1.3125, 13.69531, 1.32031], "rotation": 270, "texture": "#0"},
				"west": {"uv": [13.45313, 0.07813, 13.69531, 1.32031], "rotation": 90, "texture": "#0"}
			}
		},
		{
			"from": [7.55, 14.45, -1],
			"to": [8.45, 16.7, 3.5],
			"rotation": {"angle": 22.5, "axis": "z", "origin": [8, 14.45, 1.25]},
			"faces": {
				"north": {"uv": [15, 6.83594, 15.3125, 7.61719], "texture": "#0"},
				"south": {"uv": [13.69531, 1.3125, 13.9375, 1.32031], "texture": "#0"},
				"up": {"uv": [13.69531, 0.07813, 13.9375, 1.32031], "texture": "#0"}
			}
		},
		{
			"from": [7.55, 14.45, -1],
			"to": [8.45, 16.7, 3.5],
			"rotation": {"angle": 0, "axis": "z", "origin": [8, 14.45, 1.25]},
			"faces": {
				"north": {"uv": [15, 6.83594, 15.3125, 7.61719], "texture": "#0"},
				"south": {"uv": [13.9375, 1.3125, 14.17969, 1.32031], "texture": "#0"},
				"up": {"uv": [13.9375, 0.07813, 14.17969, 1.32031], "texture": "#0"}
			}
		},
		{
			"from": [7.55, 14.45, -1],
			"to": [8.45, 16.7, 3.5],
			"rotation": {"angle": -22.5, "axis": "z", "origin": [8, 14.45, 1.25]},
			"faces": {
				"north": {"uv": [15, 6.83594, 15.3125, 7.61719], "texture": "#0"},
				"south": {"uv": [14.17969, 1.3125, 14.42188, 1.32031], "texture": "#0"},
				"up": {"uv": [14.17969, 0.07813, 14.42188, 1.32031], "texture": "#0"}
			}
		},
		{
			"from": [7.55, 14.45, -1],
			"to": [8.45, 16.7, 3.5],
			"rotation": {"angle": -45, "axis": "z", "origin": [8, 14.45, 1.25]},
			"faces": {
				"north": {"uv": [15, 6.83594, 15.3125, 7.61719], "texture": "#0"},
				"south": {"uv": [14.42188, 1.3125, 14.66406, 1.32031], "texture": "#0"},
				"up": {"uv": [14.42188, 0.07813, 14.66406, 1.32031], "texture": "#0"}
			}
		},
		{
			"from": [8, 14, -1],
			"to": [10.25, 14.9, 3.5],
			"rotation": {"angle": 22.5, "axis": "z", "origin": [8, 14.45, 1.25]},
			"faces": {
				"north": {"uv": [15, 6.83594, 15.3125, 7.61719], "rotation": 270, "texture": "#0"},
				"east": {"uv": [14.66406, 0.07813, 14.90625, 1.32031], "rotation": 90, "texture": "#0"},
				"south": {"uv": [14.66406, 1.3125, 14.90625, 1.32031], "rotation": 90, "texture": "#0"},
				"west": {"uv": [0.07031, 0, 0, 0.07031], "rotation": 180, "texture": "#0"},
				"up": {"uv": [0, 0.07031, 0.07031, 0.14063], "rotation": 90, "texture": "#0"},
				"down": {"uv": [0.07031, 0, 0.14063, 0.07031], "rotation": 270, "texture": "#0"}
			}
		},
		{
			"from": [8, 14, -1],
			"to": [10.25, 14.9, 3.5],
			"rotation": {"angle": 0, "axis": "z", "origin": [8, 14.45, 1.25]},
			"faces": {
				"north": {"uv": [15, 6.83594, 15.3125, 7.61719], "rotation": 270, "texture": "#0"},
				"east": {"uv": [14.90625, 0.07813, 15.14844, 1.32031], "rotation": 90, "texture": "#0"},
				"south": {"uv": [14.90625, 1.3125, 15.14844, 1.32031], "rotation": 90, "texture": "#0"}
			}
		},
		{
			"from": [8, 14, -1],
			"to": [10.25, 14.9, 3.5],
			"rotation": {"angle": -22.5, "axis": "z", "origin": [8, 14.45, 1.25]},
			"faces": {
				"north": {"uv": [15, 6.83594, 15.3125, 7.61719], "rotation": 270, "texture": "#0"},
				"east": {"uv": [15.14844, 0.07813, 15.39063, 1.32031], "rotation": 90, "texture": "#0"},
				"south": {"uv": [15.14844, 1.3125, 15.39063, 1.32031], "rotation": 90, "texture": "#0"}
			}
		},
		{
			"from": [8, 14, -1],
			"to": [10.25, 14.9, 3.5],
			"rotation": {"angle": -45, "axis": "z", "origin": [8, 14.45, 1.25]},
			"faces": {
				"north": {"uv": [15, 6.83594, 15.3125, 7.61719], "rotation": 270, "texture": "#0"},
				"east": {"uv": [15.39063, 0.07813, 15.63281, 1.32031], "rotation": 90, "texture": "#0"},
				"south": {"uv": [15.39063, 1.3125, 15.63281, 1.32031], "rotation": 90, "texture": "#0"}
			}
		},
		{
			"from": [7.55, 12.2, -1],
			"to": [8.45, 14.45, 3.5],
			"rotation": {"angle": 22.5, "axis": "z", "origin": [8, 14.45, 1.25]},
			"faces": {
				"north": {"uv": [15, 6.83594, 15.3125, 7.61719], "rotation": 180, "texture": "#0"},
				"south": {"uv": [15.63281, 1.3125, 15.875, 1.32031], "rotation": 180, "texture": "#0"},
				"down": {"uv": [15.63281, 0.07813, 15.875, 1.32031], "rotation": 180, "texture": "#0"}
			}
		},
		{
			"from": [7.55, 12.2, -1],
			"to": [8.45, 14.45, 3.5],
			"rotation": {"angle": 0, "axis": "z", "origin": [8, 14.45, 1.25]},
			"faces": {
				"north": {"uv": [15, 6.83594, 15.3125, 7.61719], "rotation": 180, "texture": "#0"},
				"south": {"uv": [15.875, 1.3125, 15.91406, 1.32031], "rotation": 180, "texture": "#0"},
				"down": {"uv": [15.875, 0.07813, 15.91406, 1.32031], "rotation": 180, "texture": "#0"}
			}
		},
		{
			"from": [7.55, 12.2, -1],
			"to": [8.45, 14.45, 3.5],
			"rotation": {"angle": -22.5, "axis": "z", "origin": [8, 14.45, 1.25]},
			"faces": {
				"north": {"uv": [15, 6.83594, 15.3125, 7.61719], "rotation": 180, "texture": "#0"},
				"south": {"uv": [12.24219, 1.3125, 12.48438, 1.32031], "rotation": 180, "texture": "#0"},
				"down": {"uv": [12.24219, 0.07813, 12.48438, 1.32031], "rotation": 180, "texture": "#0"}
			}
		},
		{
			"from": [7.55, 12.2, -1],
			"to": [8.45, 14.45, 3.5],
			"rotation": {"angle": -45, "axis": "z", "origin": [8, 14.45, 1.25]},
			"faces": {
				"north": {"uv": [15, 6.83594, 15.3125, 7.61719], "rotation": 180, "texture": "#0"},
				"south": {"uv": [12.48438, 1.3125, 12.72656, 1.32031], "rotation": 180, "texture": "#0"},
				"down": {"uv": [12.48438, 0.07813, 12.72656, 1.32031], "rotation": 180, "texture": "#0"}
			}
		},
		{
			"from": [5.75, 14, -1],
			"to": [8, 14.9, 3.5],
			"rotation": {"angle": 22.5, "axis": "z", "origin": [8, 14.45, 1.25]},
			"faces": {
				"north": {"uv": [15, 6.83594, 15.3125, 7.61719], "rotation": 90, "texture": "#0"},
				"south": {"uv": [12.72656, 1.3125, 12.96875, 1.32031], "rotation": 270, "texture": "#0"},
				"west": {"uv": [12.72656, 0.07813, 12.96875, 1.32031], "rotation": 270, "texture": "#0"}
			}
		},
		{
			"from": [7.25, 16.7, -0.425],
			"to": [8.75, 16.75, 1.325],
			"rotation": {"angle": 0, "axis": "y", "origin": [7.25, 16.7, -0.4]},
			"faces": {
				"north": {"uv": [8.07812, 4.30469, 8.08593, 4.625], "rotation": 90, "texture": "#0"},
				"south": {"uv": [8.52343, 4.30469, 8.53125, 4.625], "rotation": 90, "texture": "#0"},
				"up": {"uv": [8.07812, 4.30469, 8.53125, 4.625], "rotation": 90, "texture": "#0"},
				"down": {"uv": [8.07812, 4.30469, 8.53125, 4.625], "rotation": 90, "texture": "#0"}
			}
		},
		{
			"from": [7.25, 16.7, -0.55],
			"to": [7.3, 18.2, 1.45],
			"rotation": {"angle": 0, "axis": "y", "origin": [7.3, 16.7, -0.6]},
			"faces": {
				"east": {"uv": [8.5625, 3.91406, 8.04687, 4.30469], "texture": "#0"},
				"west": {"uv": [8.04687, 3.91406, 8.5625, 4.30469], "texture": "#0"}
			}
		},
		{
			"from": [8.7, 16.7, -0.55],
			"to": [8.75, 18.2, 1.45],
			"rotation": {"angle": 0, "axis": "y", "origin": [8.7, 16.7, -0.6]},
			"faces": {
				"east": {"uv": [8.04687, 3.91406, 8.5625, 4.30469], "texture": "#0"},
				"west": {"uv": [8.5625, 3.91406, 8.04687, 4.30469], "texture": "#0"}
			}
		},
		{
			"from": [6, 14.1, 3.5],
			"to": [8, 14.9, 12.5],
			"rotation": {"angle": 0, "axis": "y", "origin": [8, 14.5, 8.5]},
			"faces": {
				"south": {"uv": [12.85156, 4.5, 13.10938, 4.50781], "rotation": 270, "texture": "#0"},
				"west": {"uv": [12.85156, 1.32031, 13.10938, 4.50781], "rotation": 270, "texture": "#0"}
			}
		},
		{
			"from": [6, 14.1, 3.5],
			"to": [8, 14.9, 12.5],
			"rotation": {"angle": -22.5, "axis": "z", "origin": [8, 14.5, 8.5]},
			"faces": {
				"south": {"uv": [13.10938, 4.5, 13.36719, 4.50781], "rotation": 270, "texture": "#0"},
				"west": {"uv": [13.10938, 1.32031, 13.36719, 4.50781], "rotation": 270, "texture": "#0"}
			}
		},
		{
			"from": [6, 14.1, 3.5],
			"to": [8, 14.9, 12.5],
			"rotation": {"angle": -45, "axis": "z", "origin": [8, 14.5, 8.5]},
			"faces": {
				"south": {"uv": [13.36719, 4.5, 13.625, 4.50781], "rotation": 270, "texture": "#0"},
				"west": {"uv": [13.36719, 1.32031, 13.625, 4.50781], "rotation": 270, "texture": "#0"}
			}
		},
		{
			"from": [7.6, 14.5, 3.5],
			"to": [8.4, 16.5, 12.5],
			"rotation": {"angle": 22.5, "axis": "z", "origin": [8, 14.5, 8.5]},
			"faces": {
				"south": {"uv": [13.625, 4.5, 13.88281, 4.50781], "texture": "#0"},
				"up": {"uv": [13.625, 1.32031, 13.88281, 4.50781], "texture": "#0"}
			}
		},
		{
			"from": [7.6, 14.5, 3.5],
			"to": [8.4, 16.5, 12.5],
			"rotation": {"angle": 0, "axis": "z", "origin": [8, 14.5, 8.5]},
			"faces": {
				"south": {"uv": [13.88281, 4.5, 14.14063, 4.50781], "texture": "#0"},
				"up": {"uv": [13.88281, 1.32031, 14.14063, 4.50781], "texture": "#0"}
			}
		},
		{
			"from": [7.6, 14.5, 3.5],
			"to": [8.4, 16.5, 12.5],
			"rotation": {"angle": -22.5, "axis": "z", "origin": [8, 14.5, 8.5]},
			"faces": {
				"south": {"uv": [14.14063, 4.5, 14.39844, 4.50781], "texture": "#0"},
				"up": {"uv": [14.14063, 1.32031, 14.39844, 4.50781], "texture": "#0"}
			}
		},
		{
			"from": [7.6, 14.5, 3.5],
			"to": [8.4, 16.5, 12.5],
			"rotation": {"angle": -45, "axis": "z", "origin": [8, 14.5, 8.5]},
			"faces": {
				"south": {"uv": [14.39844, 4.5, 14.65625, 4.50781], "texture": "#0"},
				"up": {"uv": [14.39844, 1.32031, 14.65625, 4.50781], "texture": "#0"}
			}
		},
		{
			"from": [8, 14.1, 3.5],
			"to": [10, 14.9, 12.5],
			"rotation": {"angle": 22.5, "axis": "z", "origin": [8, 14.5, 8.5]},
			"faces": {
				"east": {"uv": [14.65625, 1.32031, 14.91406, 4.50781], "rotation": 90, "texture": "#0"},
				"south": {"uv": [14.65625, 4.5, 14.91406, 4.50781], "rotation": 90, "texture": "#0"}
			}
		},
		{
			"from": [8, 14.1, 3.5],
			"to": [10, 14.9, 12.5],
			"rotation": {"angle": 0, "axis": "z", "origin": [8, 14.5, 8.5]},
			"faces": {
				"east": {"uv": [14.91406, 1.32031, 15.17188, 4.50781], "rotation": 90, "texture": "#0"},
				"south": {"uv": [14.91406, 4.5, 15.17188, 4.50781], "rotation": 90, "texture": "#0"}
			}
		},
		{
			"from": [8, 14.1, 3.5],
			"to": [10, 14.9, 12.5],
			"rotation": {"angle": -22.5, "axis": "z", "origin": [8, 14.5, 8.5]},
			"faces": {
				"east": {"uv": [15.17188, 1.32031, 15.42188, 4.50781], "rotation": 90, "texture": "#0"},
				"south": {"uv": [15.17188, 4.5, 15.42188, 4.50781], "rotation": 90, "texture": "#0"}
			}
		},
		{
			"from": [8, 14.1, 3.5],
			"to": [10, 14.9, 12.5],
			"rotation": {"angle": -45, "axis": "z", "origin": [8, 14.5, 8.5]},
			"faces": {
				"east": {"uv": [15.42969, 1.32031, 15.67969, 4.50781], "rotation": 90, "texture": "#0"},
				"south": {"uv": [15.42969, 4.5, 15.67969, 4.50781], "rotation": 90, "texture": "#0"}
			}
		},
		{
			"from": [7.6, 12.5, 3.5],
			"to": [8.4, 14.5, 12.5],
			"rotation": {"angle": 22.5, "axis": "z", "origin": [8, 14.5, 8.5]},
			"faces": {
				"south": {"uv": [15.6875, 4.5, 15.9375, 4.50781], "rotation": 180, "texture": "#0"},
				"down": {"uv": [15.6875, 1.32031, 15.9375, 4.50781], "rotation": 180, "texture": "#0"}
			}
		},
		{
			"from": [7.6, 12.5, 3.5],
			"to": [8.4, 14.5, 12.5],
			"rotation": {"angle": 0, "axis": "z", "origin": [8, 14.5, 8.5]},
			"faces": {
				"south": {"uv": [15.6875, 4.5, 15.9375, 4.50781], "rotation": 180, "texture": "#0"},
				"down": {"uv": [15.6875, 1.32031, 15.9375, 4.50781], "rotation": 180, "texture": "#0"}
			}
		},
		{
			"from": [7.6, 12.5, 3.5],
			"to": [8.4, 14.5, 12.5],
			"rotation": {"angle": -22.5, "axis": "z", "origin": [8, 14.5, 8.5]},
			"faces": {
				"south": {"uv": [15.6875, 4.5, 15.9375, 4.50781], "rotation": 180, "texture": "#0"},
				"down": {"uv": [15.6875, 1.32031, 15.9375, 4.50781], "rotation": 180, "texture": "#0"}
			}
		},
		{
			"from": [7.6, 12.5, 3.5],
			"to": [8.4, 14.5, 12.5],
			"rotation": {"angle": -45, "axis": "z", "origin": [8, 14.5, 8.5]},
			"faces": {
				"south": {"uv": [12.33594, 4.5, 12.59375, 4.50781], "rotation": 180, "texture": "#0"},
				"down": {"uv": [12.33594, 1.32031, 12.59375, 4.50781], "rotation": 180, "texture": "#0"}
			}
		},
		{
			"from": [6, 14.1, 3.5],
			"to": [8, 14.9, 12.5],
			"rotation": {"angle": 22.5, "axis": "z", "origin": [8, 14.5, 8.5]},
			"faces": {
				"south": {"uv": [12.59375, 4.5, 12.85156, 4.50781], "rotation": 270, "texture": "#0"},
				"west": {"uv": [12.59375, 1.32031, 12.85156, 4.50781], "rotation": 270, "texture": "#0"}
			}
		},
		{
			"from": [6.25, 14.15, 12.5],
			"to": [8, 14.85, 17.746],
			"rotation": {"angle": 0, "axis": "y", "origin": [8, 14.5, 15.25]},
			"faces": {
				"south": {"uv": [3.20313, 0.03906, 3.42188, 0.57031], "rotation": 270, "texture": "#0"},
				"west": {"uv": [12.79688, 6.78125, 12.57813, 4.86719], "rotation": 90, "texture": "#0"}
			}
		},
		{
			"from": [6.25, 14.15, 12.5],
			"to": [8, 14.85, 17.747],
			"rotation": {"angle": 22.5, "axis": "z", "origin": [8, 14.5, 15.25]},
			"faces": {
				"south": {"uv": [3.20313, 0.03906, 3.42188, 0.57031], "rotation": 270, "texture": "#0"},
				"west": {"uv": [12.57813, 6.78125, 12.35938, 4.86719], "rotation": 90, "texture": "#0"}
			}
		},
		{
			"from": [6.25, 14.15, 12.5],
			"to": [8, 14.85, 17.748],
			"rotation": {"angle": 45, "axis": "z", "origin": [8, 14.5, 15.25]},
			"faces": {
				"south": {"uv": [3.20313, 0.03906, 3.42188, 0.57031], "rotation": 270, "texture": "#0"},
				"west": {"uv": [12.35938, 6.78125, 12.14063, 4.86719], "rotation": 90, "texture": "#0"}
			}
		},
		{
			"from": [7.65, 12.75, 12.5],
			"to": [8.35, 14.5, 17.749],
			"rotation": {"angle": -22.5, "axis": "z", "origin": [8, 14.5, 15.25]},
			"faces": {
				"south": {"uv": [3.20313, 0.03906, 3.42188, 0.57031], "rotation": 180, "texture": "#0"},
				"down": {"uv": [14.76563, 4.86719, 14.98438, 6.78125], "texture": "#0"}
			}
		},
		{
			"from": [7.65, 12.75, 12.5],
			"to": [8.35, 14.5, 17.75],
			"rotation": {"angle": 0, "axis": "z", "origin": [8, 14.5, 15.25]},
			"faces": {
				"south": {"uv": [3.20313, 0.03906, 3.42188, 0.57031], "rotation": 180, "texture": "#0"},
				"down": {"uv": [14.98438, 4.86719, 14.97656, 6.78125], "texture": "#0"}
			}
		},
		{
			"from": [7.65, 12.75, 12.5],
			"to": [8.35, 14.5, 17.749],
			"rotation": {"angle": 22.5, "axis": "z", "origin": [8, 14.5, 15.25]},
			"faces": {
				"south": {"uv": [3.20313, 0.03906, 3.42188, 0.57031], "rotation": 180, "texture": "#0"},
				"down": {"uv": [14.98438, 4.86719, 14.97656, 6.78125], "texture": "#0"}
			}
		},
		{
			"from": [7.65, 12.75, 12.5],
			"to": [8.35, 14.5, 17.748],
			"rotation": {"angle": 45, "axis": "z", "origin": [8, 14.5, 15.25]},
			"faces": {
				"south": {"uv": [3.20313, 0.03906, 3.42188, 0.57031], "rotation": 180, "texture": "#0"},
				"down": {"uv": [14.98438, 4.86719, 14.76563, 6.78125], "texture": "#0"}
			}
		},
		{
			"from": [8, 14.15, 12.5],
			"to": [9.75, 14.85, 17.747],
			"rotation": {"angle": -22.5, "axis": "z", "origin": [8, 14.5, 15.25]},
			"faces": {
				"east": {"uv": [14.54688, 4.86719, 14.76563, 6.78125], "rotation": 90, "texture": "#0"},
				"south": {"uv": [3.20313, 0.03906, 3.42188, 0.57031], "rotation": 90, "texture": "#0"}
			}
		},
		{
			"from": [8, 14.15, 12.5],
			"to": [9.75, 14.85, 17.746],
			"rotation": {"angle": 0, "axis": "z", "origin": [8, 14.5, 15.25]},
			"faces": {
				"east": {"uv": [14.32813, 4.86719, 14.54688, 6.78125], "rotation": 90, "texture": "#0"},
				"south": {"uv": [3.20313, 0.03906, 3.42188, 0.57031], "rotation": 90, "texture": "#0"}
			}
		},
		{
			"from": [8, 14.15, 12.5],
			"to": [9.75, 14.85, 17.747],
			"rotation": {"angle": 22.5, "axis": "z", "origin": [8, 14.5, 15.25]},
			"faces": {
				"east": {"uv": [14.10938, 4.86719, 14.32813, 6.78125], "rotation": 90, "texture": "#0"},
				"south": {"uv": [3.20313, 0.03906, 3.42188, 0.57031], "rotation": 90, "texture": "#0"}
			}
		},
		{
			"from": [8, 14.15, 12.5],
			"to": [9.75, 14.85, 17.748],
			"rotation": {"angle": 45, "axis": "z", "origin": [8, 14.5, 15.25]},
			"faces": {
				"east": {"uv": [13.89063, 4.86719, 14.10938, 6.78125], "rotation": 90, "texture": "#0"},
				"south": {"uv": [3.20313, 0.03906, 3.42188, 0.57031], "rotation": 90, "texture": "#0"}
			}
		},
		{
			"from": [7.65, 14.5, 12.5],
			"to": [8.35, 16.25, 17.749],
			"rotation": {"angle": -22.5, "axis": "z", "origin": [8, 14.5, 15.25]},
			"faces": {
				"south": {"uv": [3.20313, 0.03906, 3.42188, 0.57031], "texture": "#0"},
				"up": {"uv": [13.67188, 4.86719, 13.89063, 6.78125], "texture": "#0"}
			}
		},
		{
			"from": [7.65, 14.5, 12.5],
			"to": [8.35, 16.25, 17.75],
			"rotation": {"angle": 0, "axis": "z", "origin": [8, 14.5, 15.25]},
			"faces": {
				"south": {"uv": [3.20313, 0.03906, 3.42188, 0.57031], "texture": "#0"},
				"up": {"uv": [13.45313, 4.86719, 13.67188, 6.78125], "texture": "#0"}
			}
		},
		{
			"from": [7.65, 14.5, 12.5],
			"to": [8.35, 16.25, 17.749],
			"rotation": {"angle": 22.5, "axis": "z", "origin": [8, 14.5, 15.25]},
			"faces": {
				"south": {"uv": [3.20313, 0.03906, 3.42188, 0.57031], "texture": "#0"},
				"up": {"uv": [13.23438, 4.86719, 13.45313, 6.78125], "texture": "#0"}
			}
		},
		{
			"from": [7.65, 14.5, 12.5],
			"to": [8.35, 16.25, 17.748],
			"rotation": {"angle": 45, "axis": "z", "origin": [8, 14.5, 15.25]},
			"faces": {
				"south": {"uv": [3.20313, 0.03906, 3.42188, 0.57031], "texture": "#0"},
				"up": {"uv": [13.01563, 4.86719, 13.23438, 6.78125], "texture": "#0"}
			}
		},
		{
			"from": [6.25, 14.15, 12.5],
			"to": [8, 14.85, 17.747],
			"rotation": {"angle": -22.5, "axis": "z", "origin": [8, 14.5, 15.25]},
			"faces": {
				"south": {"uv": [3.20313, 0.03906, 3.42188, 0.57031], "rotation": 270, "texture": "#0"},
				"west": {"uv": [12.79688, 6.78125, 13.01563, 4.86719], "rotation": 90, "texture": "#0"}
			}
		},
		{
			"from": [5.75, 14.15, 13.1],
			"to": [6.3, 14.85, 13.8],
			"rotation": {"angle": -22.5, "axis": "z", "origin": [8, 14.5, 14.35]},
			"faces": {
				"north": {"uv": [3.60156, 7.82031, 3.83594, 7.71094], "rotation": 270, "texture": "#0"},
				"east": {"uv": [0.09375, 0.1875, 0, 0.23438], "texture": "#0"},
				"south": {"uv": [3.83594, 7.71094, 3.60156, 7.82031], "rotation": 270, "texture": "#0"},
				"west": {"uv": [0, 0.14063, 0.09375, 0.1875], "texture": "#0"},
				"up": {"uv": [3.60156, 7.71094, 3.83594, 7.82031], "rotation": 270, "texture": "#0"},
				"down": {"uv": [3.60156, 7.71094, 3.83594, 7.82031], "rotation": 270, "texture": "#0"}
			}
		},
		{
			"from": [4.75, 14.05, 13],
			"to": [5.8, 14.95, 13.9],
			"rotation": {"angle": -22.5, "axis": "z", "origin": [8, 14.5, 14.35]},
			"faces": {
				"north": {"uv": [3.59375, 7.64844, 3.8125, 7.39844], "rotation": 270, "texture": "#0"},
				"east": {"uv": [3.8125, 7.39844, 3.59375, 7.64844], "rotation": 270, "texture": "#0"},
				"south": {"uv": [3.8125, 7.39844, 3.59375, 7.64844], "rotation": 270, "texture": "#0"},
				"west": {"uv": [3.79688, 7.91406, 3.57813, 8.13281], "rotation": 270, "texture": "#0"},
				"up": {"uv": [3.59375, 7.39844, 3.8125, 7.64844], "rotation": 270, "texture": "#0"},
				"down": {"uv": [3.59375, 7.39844, 3.8125, 7.64844], "rotation": 270, "texture": "#0"}
			}
		},
		{
			"from": [7.251, 6.45, -0.3],
			"to": [8.749, 10.7, 2.1],
			"rotation": {"angle": -22.5, "axis": "x", "origin": [7.25, 10.7, -0.3]},
			"faces": {
				"north": {"uv": [8.11718, 0.6875, 8.125, 2.05469], "texture": "#0"},
				"east": {"uv": [8.88281, 0.6875, 8.11718, 2.05469], "texture": "#0"},
				"south": {"uv": [8.86718, 0.6875, 8.875, 2.05469], "texture": "#0"},
				"west": {"uv": [8.11718, 0.6875, 8.88281, 2.05469], "texture": "#0"},
				"down": {"uv": [8.11718, 2.04688, 8.88281, 2.05469], "rotation": 90, "texture": "#0"}
			}
		},
		{
			"from": [7.25, 7.5, 15.25],
			"to": [8.75, 11.5, 17.45],
			"rotation": {"angle": -22.5, "axis": "x", "origin": [7.25, 11.5, 15.25]},
			"faces": {
				"north": {"uv": [9.625, 0.52344, 9.63281, 2.07422], "texture": "#0"},
				"east": {"uv": [10.42187, 0.52344, 9.625, 2.07422], "texture": "#0"},
				"south": {"uv": [10.41406, 0.52344, 10.42187, 2.07422], "texture": "#0"},
				"west": {"uv": [9.625, 0.52344, 10.42187, 2.07422], "texture": "#0"},
				"down": {"uv": [9.625, 2.0625, 10.42187, 2.07031], "rotation": 90, "texture": "#0"}
			}
		},
		{
			"from": [7.25, 10.7, -0.3],
			"to": [8.75, 12.5, 1.5],
			"rotation": {"angle": 0, "axis": "x", "origin": [7.25, 12.5, -0.5]},
			"faces": {
				"north": {"uv": [5.25, 0, 5.25781, 0.67188], "texture": "#0"},
				"east": {"uv": [5.92187, 0, 5.25, 0.67188], "texture": "#0"},
				"west": {"uv": [5.25, 0, 5.92187, 0.67188], "texture": "#0"}
			}
		},
		{
			"from": [7.25, 11.5, 15.25],
			"to": [8.75, 13, 17.4],
			"rotation": {"angle": 0, "axis": "x", "origin": [7.25, 13.5, 16]},
			"faces": {
				"north": {"uv": [7.78906, 1.5, 7.79687, 1.98828], "rotation": 180, "texture": "#0"},
				"east": {"uv": [7.79687, 1.5, 7.04687, 1.98828], "rotation": 180, "texture": "#0"},
				"south": {"uv": [7.04687, 1.5, 7.05468, 1.98828], "rotation": 180, "texture": "#0"},
				"west": {"uv": [7.04687, 1.5, 7.79687, 1.98828], "rotation": 180, "texture": "#0"}
			}
		},
		{
			"from": [7.25, 12.15, 1.5],
			"to": [8.75, 12.55, 3.2],
			"rotation": {"angle": 0, "axis": "x", "origin": [7.25, 12.55, 1.3]},
			"faces": {
				"east": {"uv": [6.28906, 0.02344, 5.60156, 0.12109], "texture": "#0"},
				"south": {"uv": [6.28125, 0.02344, 6.28906, 0.12031], "texture": "#0"},
				"west": {"uv": [5.60156, 0.02344, 6.28906, 0.12109], "texture": "#0"}
			}
		},
		{
			"from": [7.252, 10.4, 1.2],
			"to": [8.748, 12.15, 3.2],
			"rotation": {"angle": 45, "axis": "x", "origin": [7.25, 12.15, 3.2]},
			"faces": {
				"north": {"uv": [0, 0.23438, 0.07808, 0.24213], "rotation": 270, "texture": "#0"},
				"east": {"uv": [9.25781, 0.32813, 8.86718, 0.79688], "rotation": 90, "texture": "#0"},
				"south": {"uv": [8.86718, 0.78906, 9.25781, 0.79688], "rotation": 270, "texture": "#0"},
				"west": {"uv": [8.86718, 0.32813, 9.25781, 0.79688], "rotation": 270, "texture": "#0"},
				"up": {"uv": [0, 0, 0.01172, 0.01953], "texture": "#0"},
				"down": {"uv": [0.03124, 0.36719, 0.03904, 0.37498], "texture": "#0"}
			}
		},
		{
			"from": [7.995, 10.25, 12],
			"to": [8.005, 12.75, 15.75],
			"rotation": {"angle": 0, "axis": "y", "origin": [8, 10.25, 12]},
			"faces": {
				"east": {"uv": [9.24218, 3.10938, 8.08593, 3.84375], "texture": "#0"},
				"west": {"uv": [8.08593, 3.10938, 9.24218, 3.84375], "texture": "#0"}
			}
		},
		{
			"from": [7.925, 10.25, 12],
			"to": [8.075, 12.75, 15.75],
			"rotation": {"angle": 0, "axis": "y", "origin": [8, 10.25, 12]},
			"faces": {
				"east": {"uv": [9.24218, 2.24219, 8.08593, 2.97656], "texture": "#0"},
				"west": {"uv": [8.08593, 2.24219, 9.24218, 2.97656], "texture": "#0"}
			}
		},
		{
			"from": [9.8, 13.5, 6.25],
			"to": [10.6, 14, 11.75],
			"rotation": {"angle": -45, "axis": "z", "origin": [9.8, 14, 11.25]},
			"faces": {
				"north": {"uv": [1.73438, 7.07813, 1.74219, 7.33594], "rotation": 90, "texture": "#0"},
				"south": {"uv": [0.03906, 7.07813, 0.04688, 7.33594], "rotation": 90, "texture": "#0"},
				"up": {"uv": [0.03906, 7.07813, 1.74219, 7.33594], "rotation": 90, "texture": "#0"}
			}
		},
		{
			"from": [9.60615, 11.9109, 6.251],
			"to": [10.10615, 13.2609, 11.749],
			"rotation": {"angle": 22.5, "axis": "z", "origin": [9.8, 14, 11.25]},
			"faces": {
				"north": {"uv": [1.73438, 7.33594, 1.74219, 7.625], "texture": "#0"},
				"east": {"uv": [0.03906, 7.33594, 1.74219, 7.625], "texture": "#0"},
				"south": {"uv": [0.03906, 7.33594, 0.04688, 7.625], "texture": "#0"},
				"down": {"uv": [0.03906, 7.60938, 1.74219, 7.625], "texture": "#0"}
			}
		},
		{
			"from": [5.2, 14, 6.25],
			"to": [6, 14.5, 11.75],
			"rotation": {"angle": 22.5, "axis": "z", "origin": [6, 14.5, 11.25]},
			"faces": {
				"north": {"uv": [0.03906, 7.04688, 0.04688, 7.33594], "rotation": 90, "texture": "#0"},
				"south": {"uv": [1.73438, 7.04688, 1.74219, 7.33594], "rotation": 90, "texture": "#0"},
				"up": {"uv": [0.03906, 7.04688, 1.74219, 7.33594], "rotation": 90, "texture": "#0"}
			}
		},
		{
			"from": [5.43431, 13.03431, 6.251],
			"to": [5.93431, 13.93431, 11.749],
			"rotation": {"angle": -22.5, "axis": "z", "origin": [6, 14.5, 11.25]},
			"faces": {
				"north": {"uv": [0.03906, 7.33594, 0.04688, 7.625], "texture": "#0"},
				"south": {"uv": [1.73438, 7.33594, 1.74219, 7.625], "texture": "#0"},
				"west": {"uv": [0.03906, 7.33594, 1.74219, 7.625], "texture": "#0"}
			}
		}
	],
	"display": {
		"thirdperson_righthand": {
			"rotation": [4, 1.5, 2.5],
			"translation": [0, -3.25, -4.25],
			"scale": [0.8, 0.8, 0.8]
		},
		"thirdperson_lefthand": {
			"rotation": [4, 1.5, 2.5],
			"translation": [0, -3.25, -4.25],
			"scale": [0.8, 0.8, 0.8]
		},
		"firstperson_righthand": {
			"rotation": [3, -0.5, 2],
			"translation": [-0.5, -2, -6.75]
		},
		"firstperson_lefthand": {
			"rotation": [3, -0.5, 2],
			"translation": [-0.5, -2, -6.75]
		},
		"ground": {
			"rotation": [0, 0, 90],
			"translation": [4.5, 2, -0.5]
		},
		"gui": {
			"rotation": [25, 125, 5],
			"translation": [-0.5, -2.5, 0],
			"scale": [0.8, 0.8, 0.8]
		},
		"head": {
			"translation": [0, 7, -1.5],
			"scale": [1.28, 1.28, 1.28]
		},
		"fixed": {
			"rotation": [0, 90, 0],
			"translation": [-0.5, -5.5, -4.5],
			"scale": [1.28, 1.28, 1.28]
		}
	},
	"groups": [
		{
			"name": "clip",
			"origin": [7.5, 10, 8],
			"color": 0,
			"children": [0, 1, 2, 3, 4, 5, 6, 7, 8, 9, 10, 11, 12, 13, 14, 15, 16, 17]
		},
		{
			"name": "barrel_part_1",
			"origin": [5.75, 11.25, -2.5],
			"color": 0,
			"children": [18, 19, 20, 21, 22, 23, 24, 25, 26, 27, 28, 29, 30, 31, 32, 33, 34, 35, 36]
		},
		{
			"name": "barrel_part_2",
			"origin": [6, 11.5, 2],
			"color": 0,
			"children": [37, 38, 39, 40, 41, 42, 43, 44, 45, 46, 47, 48, 49, 50, 51, 52]
		},
		{
			"name": "barrel_part_3",
			"origin": [8, 13.5, 14.25],
			"color": 0,
			"children": [53, 54, 55, 56, 57, 58, 59, 60, 61, 62, 63, 64, 65, 66, 67, 68, 69, 70]
		},
		{
			"name": "hand",
			"origin": [7.25, 11.15, 2.2],
			"color": 0,
			"children": [71, 72, 73, 74, 75, 76, 77, 78]
		},
		{
			"name": "clip_part_1",
			"origin": [11, 13.9, 7.5],
			"color": 0,
			"children": [79, 80]
		},
		{
			"name": "clip_part_2",
			"origin": [11, 13.9, 7.5],
			"color": 0,
			"children": [81, 82]
		}
	]
}