{
	"credit": "Made with Blockbench",
	"texture_size": [64, 64],
	"textures": {
		"0": "./arbal",
		"particle": "./arbal"
	},
	"elements": [
		{
			"from": [6.75, 14.75, -0.5],
			"to": [9.25, 16.75, 11.5],
			"rotation": {"angle": 0, "axis": "y", "origin": [15.25, 23.25, 7]},
			"faces": {
				"east": {"uv": [6, 2.25, 0, 3.25], "texture": "#0"},
				"west": {"uv": [0, 2.25, 6, 3.25], "texture": "#0"},
				"up": {"uv": [0, 3.25, 6, 4.5], "rotation": 90, "texture": "#0"},
				"down": {"uv": [0, 3, 6, 3.25], "rotation": 270, "texture": "#0"}
			}
		},
		{
			"from": [-3.25, 17, 2.5],
			"to": [19.25, 17, 13.5],
			"rotation": {"angle": 0, "axis": "y", "origin": [15.25, 25.5, 10]},
			"faces": {
				"north": {"uv": [0, 0, 0, 0], "texture": "#0"},
				"east": {"uv": [6, 2.25, 0, 3.25], "texture": "#0"},
				"south": {"uv": [0, 0, 0, 0], "texture": "#0"},
				"west": {"uv": [0, 2.25, 6, 3.25], "texture": "#0"},
				"up": {"uv": [0, 9.75, 11.25, 15.25], "texture": "#0"},
				"down": {"uv": [0, 9.75, 11.25, 15.25], "rotation": 180, "texture": "#0"}
			}
		},
		{
			"from": [4.75, 14.75, -3],
			"to": [11.25, 18.25, -0.5],
			"rotation": {"angle": 0, "axis": "y", "origin": [13.25, 23.25, 4.5]},
			"faces": {
				"north": {"uv": [0, 4.5, 3.25, 6.25], "texture": "#0"},
				"east": {"uv": [0.25, 4.5, 0, 6.25], "texture": "#0"},
				"south": {"uv": [0, 4.5, 3.25, 6.25], "texture": "#0"},
				"west": {"uv": [3, 4.5, 3.25, 6.25], "texture": "#0"},
				"up": {"uv": [12.75, 6.25, 16, 7.5], "texture": "#0"},
				"down": {"uv": [0, 6, 3.25, 6.25], "rotation": 180, "texture": "#0"}
			}
		},
		{
			"from": [-4.75, 14.75, -2.5],
			"to": [4.75, 17.25, -0.5],
			"rotation": {"angle": 22.5, "axis": "y", "origin": [4.75, 16.5, -2.5]},
			"faces": {
				"north": {"uv": [9, 1.25, 13.75, 2.5], "texture": "#0"},
				"south": {"uv": [13.75, 1.25, 9, 2.5], "texture": "#0"},
				"west": {"uv": [13.75, 1.25, 14.75, 2.5], "texture": "#0"},
				"up": {"uv": [9, 2.5, 13.75, 3.5], "rotation": 180, "texture": "#0"},
				"down": {"uv": [9, 2.25, 13.75, 2.5], "rotation": 180, "texture": "#0"}
			}
		},
		{
			"from": [11.25, 14.75, -2.5],
			"to": [20.75, 17.25, -0.5],
			"rotation": {"angle": -22.5, "axis": "y", "origin": [11.25, 16.5, -2.5]},
			"faces": {
				"north": {"uv": [13.75, 1.25, 9, 2.5], "texture": "#0"},
				"east": {"uv": [14.75, 1.25, 13.75, 2.5], "texture": "#0"},
				"south": {"uv": [9, 1.25, 13.75, 2.5], "texture": "#0"},
				"up": {"uv": [9, 2.5, 13.75, 3.5], "texture": "#0"},
				"down": {"uv": [9, 2.25, 13.75, 2.5], "rotation": 180, "texture": "#0"}
			}
		},
		{
			"from": [7.25, 11.75, 1.5],
			"to": [8.75, 14.75, 11.5],
			"rotation": {"angle": 0, "axis": "y", "origin": [15.75, 20.25, 9]},
			"faces": {
				"north": {"uv": [5, 0, 5.75, 1.5], "texture": "#0"},
				"east": {"uv": [5, 0, 0, 1.5], "texture": "#0"},
				"south": {"uv": [4.75, 0, 5, 1.5], "texture": "#0"},
				"west": {"uv": [0, 0, 5, 1.5], "texture": "#0"},
				"down": {"uv": [0, 1.5, 5, 2.25], "rotation": 270, "texture": "#0"}
			}
		},
		{
			"from": [6.5, 13.25, 11.5],
			"to": [9.5, 17.25, 17.5],
			"rotation": {"angle": 0, "axis": "y", "origin": [15, 21.25, 16.5]},
			"faces": {
				"north": {"uv": [6.25, 4.5, 7.75, 6.5], "texture": "#0"},
				"east": {"uv": [6.25, 4.5, 3.25, 6.5], "texture": "#0"},
				"south": {"uv": [6, 2.5, 7.5, 4.5], "texture": "#0"},
				"west": {"uv": [3.25, 4.5, 6.25, 6.5], "texture": "#0"},
				"up": {"uv": [13, 7.5, 16, 9], "rotation": 90, "texture": "#0"},
				"down": {"uv": [3.25, 6.25, 6.25, 6.5], "rotation": 270, "texture": "#0"}
			}
		},
		{
			"from": [8, 10.75, 13.5],
			"to": [8, 13.25, 18],
			"rotation": {"angle": 0, "axis": "y", "origin": [16, 18.75, 21.5]},
			"faces": {
				"north": {"uv": [0, 0, 0, 0.5], "texture": "#0"},
				"east": {"uv": [11.25, 0, 9, 1.25], "texture": "#0"},
				"south": {"uv": [0, 0, 0, 0.5], "texture": "#0"},
				"west": {"uv": [9, 0, 11.25, 1.25], "texture": "#0"},
				"up": {"uv": [0, 0, 0, 1.33333], "texture": "#0"},
				"down": {"uv": [0, 0, 0, 1.33333], "texture": "#0"}
			}
		},
		{
			"from": [8, 12.25, -2.5],
			"to": [8, 14.75, 1.5],
			"rotation": {"angle": 0, "axis": "y", "origin": [16, 20.25, 5.5]},
			"faces": {
				"north": {"uv": [0, 0, 0, 0.5], "texture": "#0"},
				"east": {"uv": [13.25, 0, 11.25, 1.25], "texture": "#0"},
				"south": {"uv": [0, 0, 0, 0.5], "texture": "#0"},
				"west": {"uv": [11.25, 0, 13.25, 1.25], "texture": "#0"},
				"up": {"uv": [0, 0, 0, 1.33333], "texture": "#0"},
				"down": {"uv": [0, 0, 0, 1.33333], "texture": "#0"}
			}
		},
		{
			"from": [8, 16.5, -0.5],
			"to": [8, 18, 12],
			"rotation": {"angle": 0, "axis": "y", "origin": [16, 24.5, 7.5]},
			"faces": {
				"north": {"uv": [0, 0, 0, 0.5], "texture": "#0"},
				"east": {"uv": [15.25, 5.5, 9, 6.25], "texture": "#0"},
				"south": {"uv": [0, 0, 0, 0.5], "texture": "#0"},
				"west": {"uv": [9, 5.5, 15.25, 6.25], "texture": "#0"},
				"up": {"uv": [0, 0, 0, 1.33333], "texture": "#0"},
				"down": {"uv": [0, 0, 0, 1.33333], "texture": "#0"}
			}
		},
		{
			"from": [7, 9.75, 15],
			"to": [9, 16.25, 17.5],
			"rotation": {"angle": -45, "axis": "x", "origin": [7.25, 16.25, 17.5]},
			"faces": {
				"north": {"uv": [5.75, 1, 9, 1.25], "rotation": 90, "texture": "#0"},
				"east": {"uv": [9, 0, 5.75, 1.25], "rotation": 270, "texture": "#0"},
				"south": {"uv": [5.75, 1.25, 9, 2.25], "rotation": 90, "texture": "#0"},
				"west": {"uv": [5.75, 0, 9, 1.25], "rotation": 90, "texture": "#0"},
				"up": {"uv": [0, 0, 0.5, 0.83333], "texture": "#0"},
				"down": {"uv": [8.75, 0, 9, 1.25], "texture": "#0"}
			}
		}
	],
	"display": {
		"thirdperson_righthand": {
			"rotation": [19.5, 20, 2.5],
			"translation": [-3, -2.25, -6.5],
			"scale": [0.8, 0.8, 0.8]
		},
		"thirdperson_lefthand": {
			"rotation": [19.5, 20, 2.5],
			"translation": [-3, -2.25, -6.5],
			"scale": [0.8, 0.8, 0.8]
		},
		"firstperson_righthand": {
			"rotation": [2.5, -0.5, 2],
			"translation": [0, -4.25, -6.5]
		},
		"firstperson_lefthand": {
			"rotation": [2.5, -0.5, 2],
			"translation": [0, -4.25, -6.5]
		},
		"ground": {
			"translation": [0, -4.5, -0.75],
			"scale": [0.8, 0.8, 0.8]
		},
		"gui": {
			"rotation": [-30, 130, 4],
			"translation": [0.25, -3.25, 0],
			"scale": [0.62, 0.62, 0.62]
		},
		"head": {
			"rotation": [0, 66, 0],
			"translation": [-0.25, 2.5, 0.25]
		},
		"fixed": {
			"rotation": [0, 90, 0],
			"translation": [0, -6.75, -1.5]
		}
	}
}