{
	"credit": "Made with Blockbench",
	"texture_size": [32, 32],
	"textures": {
		"0": "./portal_gun_rick",
		"particle": "./portal_gun_rick"
	},
	"elements": [
		{
			"from": [5.5, 11, 4],
			"to": [10.5, 13.5, 12.5],
			"rotation": {"angle": 0, "axis": "y", "origin": [8.25, 14, 11.5]},
			"faces": {
				"north": {"uv": [8.5, 0, 13.5, 2.5], "texture": "#0"},
				"east": {"uv": [8.5, 5, 0, 7.5], "texture": "#0"},
				"south": {"uv": [8.5, 2.5, 13.5, 5], "texture": "#0"},
				"west": {"uv": [0, 5, 8.5, 7.5], "texture": "#0"},
				"up": {"uv": [0, 0, 8.5, 5], "rotation": 90, "texture": "#0"},
				"down": {"uv": [0, 7.5, 8.5, 12.5], "rotation": 270, "texture": "#0"}
			}
		},
		{
			"from": [6.75, 13.5, 6.75],
			"to": [9.25, 17.5, 9.25],
			"rotation": {"angle": 0, "axis": "y", "origin": [7.5, 16.5, 13.5]},
			"faces": {
				"north": {"uv": [8.5, 5, 11, 9], "texture": "#0"},
				"east": {"uv": [11, 5, 8.5, 9], "texture": "#0"},
				"south": {"uv": [8.5, 5, 11, 9], "texture": "#0"},
				"west": {"uv": [11, 5, 8.5, 9], "texture": "#0"},
				"up": {"uv": [11, 5, 13.5, 7.5], "texture": "#0"}
			}
		},
		{
			"from": [6.55, 11.5, 12.5],
			"to": [9.05, 13.5, 18.5],
			"rotation": {"angle": 45, "axis": "x", "origin": [8.25, 13.5, 12.5]},
			"faces": {
				"north": {"uv": [0, 0, 3, 2], "texture": "#missing"},
				"east": {"uv": [14.5, 9, 8.5, 11], "texture": "#0"},
				"south": {"uv": [14, 9, 14.5, 11], "texture": "#0"},
				"west": {"uv": [8.5, 9, 14.5, 11], "texture": "#0"},
				"up": {"uv": [0, 12.5, 6, 15], "rotation": 90, "texture": "#0"},
				"down": {"uv": [8.5, 11, 14.5, 13.5], "rotation": 270, "texture": "#0"}
			}
		}
	],
	"display": {
		"thirdperson_righthand": {
			"rotation": [28, 1, 3],
			"translation": [-0.25, -1, -4],
			"scale": [0.8, 0.8, 0.8]
		},
		"thirdperson_lefthand": {
			"rotation": [28, 1, 3],
			"translation": [-0.25, -1, -4],
			"scale": [0.8, 0.8, 0.8]
		},
		"firstperson_righthand": {
			"rotation": [2.5, -0.5, 2],
			"translation": [-0.5, -1.5, -5]
		},
		"firstperson_lefthand": {
			"rotation": [2.5, -0.5, 2],
			"translation": [-0.5, -1.5, -5]
		},
		"ground": {
			"rotation": [0, 0, 90],
			"translation": [2.75, -0.75, -1],
			"scale": [0.8, 0.8, 0.8]
		},
		"gui": {
			"rotation": [-30, 140, 3],
			"translation": [-1.5, -3.5, 0],
			"scale": [1.15, 1.15, 1.15]
		},
		"head": {
			"translation": [0, 11.5, 0]
		},
		"fixed": {
			"rotation": [0, 90, 0],
			"translation": [-1.75, -4.25, -1]
		}
	}
}