{
	"credit": "Made with Blockbench",
	"texture_size": [64, 64],
	"textures": {
		"0": "./dispensertf_red",
		"particle": "./dispensertf_red"
	},
	"elements": [
		{
			"from": [1, 0, 1],
			"to": [15, 14, 15],
			"faces": {
				"north": {"uv": [0, 0, 3.5, 3.5], "texture": "#0"},
				"east": {"uv": [3.5, 0, 7, 3.5], "texture": "#0"},
				"south": {"uv": [0, 0, 3.5, 3.5], "texture": "#0"},
				"west": {"uv": [3.5, 0, 7, 3.5], "texture": "#0"},
				"up": {"uv": [0, 3.5, 3.5, 7], "texture": "#0"},
				"down": {"uv": [3.5, 3.5, 7, 7], "texture": "#0"}
			}
		},
		{
			"from": [0.5, -0.5, 0.5],
			"to": [15.5, 14.5, 15.5],
			"faces": {
				"north": {"uv": [9, 9, 12.5, 12.5], "texture": "#0"},
				"east": {"uv": [12.5, 9, 16, 12.5], "texture": "#0"},
				"south": {"uv": [9, 9, 12.5, 12.5], "texture": "#0"},
				"west": {"uv": [12.5, 9, 16, 12.5], "texture": "#0"},
				"up": {"uv": [9, 12.5, 12.5, 16], "texture": "#0"},
				"down": {"uv": [12.5, 12.5, 16, 16], "texture": "#0"}
			}
		},
		{
			"from": [15.5, -0.5, 0.5],
			"to": [0.5, 14.5, 15.5],
			"faces": {
				"north": {"uv": [12.5, 9, 9, 12.5], "texture": "#0"},
				"east": {"uv": [16, 9, 12.5, 12.5], "texture": "#0"},
				"south": {"uv": [12.5, 9, 9, 12.5], "texture": "#0"},
				"west": {"uv": [16, 9, 12.5, 12.5], "texture": "#0"},
				"up": {"uv": [9, 12.5, 12.5, 16], "texture": "#0"},
				"down": {"uv": [12.5, 12.5, 16, 16], "texture": "#0"}
			}
		},
		{
			"from": [0.75, 4.75, -1.5],
			"to": [15.25, 10.25, 3],
			"rotation": {"angle": -45, "axis": "x", "origin": [8, 7.5, 0.75]},
			"faces": {
				"north": {"uv": [5.5, 8.5, 9, 9.75], "texture": "#0"},
				"east": {"uv": [13.5, 11.25, 12.5, 12.5], "texture": "#0"},
				"south": {"uv": [9.75, 13.25, 11.75, 15.25], "texture": "#0"},
				"west": {"uv": [16, 11.25, 15, 12.5], "texture": "#0"},
				"up": {"uv": [9.75, 13.25, 11.75, 15.25], "texture": "#0"},
				"down": {"uv": [9.75, 13.25, 11.75, 15.25], "texture": "#0"}
			}
		},
		{
			"from": [15.25, 4.75, -1.5],
			"to": [0.75, 10.25, 3],
			"rotation": {"angle": -45, "axis": "x", "origin": [8, 7.5, 0.75]},
			"faces": {
				"north": {"uv": [5.5, 8.5, 9, 9.75], "texture": "#0"},
				"east": {"uv": [13.5, 11.25, 12.5, 12.5], "texture": "#0"},
				"south": {"uv": [9.75, 13.25, 11.75, 15.25], "texture": "#0"},
				"west": {"uv": [16, 11.25, 15, 12.5], "texture": "#0"},
				"up": {"uv": [9.75, 13.25, 11.75, 15.25], "texture": "#0"},
				"down": {"uv": [9.75, 13.25, 11.75, 15.25], "texture": "#0"}
			}
		},
		{
			"from": [0.75, 4.75, 13],
			"to": [15.25, 10.25, 17.5],
			"rotation": {"angle": 45, "axis": "x", "origin": [8, 7.5, 15.25]},
			"faces": {
				"north": {"uv": [11.75, 13.25, 9.75, 15.25], "texture": "#0"},
				"east": {"uv": [12.5, 11.25, 13.5, 12.5], "texture": "#0"},
				"south": {"uv": [9, 8.5, 5.5, 9.75], "texture": "#0"},
				"west": {"uv": [15, 11.25, 16, 12.5], "texture": "#0"},
				"up": {"uv": [9.75, 15.25, 11.75, 13.25], "texture": "#0"},
				"down": {"uv": [9.75, 15.25, 11.75, 13.25], "texture": "#0"}
			}
		},
		{
			"from": [15.25, 4.75, 13],
			"to": [0.75, 10.25, 17.5],
			"rotation": {"angle": 45, "axis": "x", "origin": [8, 7.5, 15.25]},
			"faces": {
				"north": {"uv": [11.75, 13.25, 9.75, 15.25], "texture": "#0"},
				"east": {"uv": [12.5, 11.25, 13.5, 12.5], "texture": "#0"},
				"south": {"uv": [9, 8.5, 5.5, 9.75], "texture": "#0"},
				"west": {"uv": [15, 11.25, 16, 12.5], "texture": "#0"},
				"up": {"uv": [9.75, 15.25, 11.75, 13.25], "texture": "#0"},
				"down": {"uv": [9.75, 15.25, 11.75, 13.25], "texture": "#0"}
			}
		},
		{
			"from": [2, 14, 3],
			"to": [14, 25, 13],
			"rotation": {"angle": 0, "axis": "x", "origin": [1, 0, 0]},
			"faces": {
				"north": {"uv": [0, 7, 3, 9.75], "texture": "#0"},
				"east": {"uv": [3, 7, 5.5, 9.75], "texture": "#0"},
				"south": {"uv": [0, 7, 3, 9.75], "texture": "#0"},
				"west": {"uv": [3, 7, 5.5, 9.75], "texture": "#0"},
				"up": {"uv": [3, 9.75, 6, 12.25], "texture": "#0"}
			}
		},
		{
			"from": [14, 9, 6],
			"to": [18, 18, 10],
			"rotation": {"angle": 0, "axis": "x", "origin": [13, 9, 3]},
			"faces": {
				"north": {"uv": [10.5, 0, 9.5, 2.25], "texture": "#0"},
				"east": {"uv": [10.5, 0, 11.5, 2.25], "texture": "#0"},
				"south": {"uv": [9.5, 0, 10.5, 2.25], "texture": "#0"},
				"up": {"uv": [11.5, 0, 12.5, 1], "texture": "#0"},
				"down": {"uv": [11.5, 1, 12.5, 2], "texture": "#0"}
			}
		},
		{
			"from": [13.9, 8.9, 5.9],
			"to": [18.1, 18.1, 10.1],
			"rotation": {"angle": 0, "axis": "x", "origin": [13, 9, 3]},
			"faces": {
				"north": {"uv": [7, 10.25, 6, 12.5], "texture": "#0"},
				"east": {"uv": [7, 10.25, 8, 12.5], "texture": "#0"},
				"south": {"uv": [6, 10.25, 7, 12.5], "texture": "#0"},
				"up": {"uv": [8, 10.25, 9, 11.25], "texture": "#0"},
				"down": {"uv": [8, 11.25, 9, 12.25], "texture": "#0"}
			}
		},
		{
			"from": [18.1, 8.9, 5.9],
			"to": [13.9, 18.1, 10.1],
			"rotation": {"angle": 0, "axis": "x", "origin": [13, 9, 3]},
			"faces": {
				"north": {"uv": [6, 10.25, 7, 12.5], "texture": "#0"},
				"south": {"uv": [7, 10.25, 6, 12.5], "texture": "#0"},
				"west": {"uv": [8, 10.25, 7, 12.5], "texture": "#0"},
				"up": {"uv": [8, 10.25, 9, 11.25], "texture": "#0"},
				"down": {"uv": [8, 11.25, 9, 12.25], "texture": "#0"}
			}
		},
		{
			"from": [-1, 11, 5],
			"to": [1, 13, 11],
			"rotation": {"angle": 0, "axis": "x", "origin": [-2, 11, 2]},
			"faces": {
				"north": {"uv": [5.5, 7, 6, 7.5], "texture": "#0"},
				"south": {"uv": [5.5, 7, 6, 7.5], "texture": "#0"},
				"west": {"uv": [6, 7, 7.5, 7.5], "texture": "#0"},
				"up": {"uv": [5.5, 7.5, 7, 8], "rotation": 90, "texture": "#0"},
				"down": {"uv": [5.5, 7.5, 7, 8], "rotation": 90, "texture": "#0"}
			}
		},
		{
			"from": [0, 13, 6],
			"to": [2, 21, 10],
			"rotation": {"angle": 0, "axis": "x", "origin": [0.5, 17, 8]},
			"faces": {
				"north": {"uv": [15.5, 3.75, 16, 5.75], "texture": "#0"},
				"south": {"uv": [15.5, 5.75, 16, 3.75], "rotation": 180, "texture": "#0"},
				"west": {"uv": [14, 2.75, 16, 3.75], "rotation": 270, "texture": "#0"},
				"up": {"uv": [13.5, 2.75, 14, 3.75], "texture": "#0"},
				"down": {"uv": [5.5, 7.5, 7, 8], "rotation": 90, "texture": "#0"}
			}
		},
		{
			"from": [0, 5, 6],
			"to": [2, 13, 10],
			"rotation": {"angle": 0, "axis": "x", "origin": [0.5, 17, 8]},
			"faces": {
				"north": {"uv": [15.5, 3.75, 16, 5.75], "texture": "#0"},
				"south": {"uv": [15.5, 5.75, 16, 3.75], "rotation": 180, "texture": "#0"},
				"west": {"uv": [14, 2.75, 16, 3.75], "rotation": 270, "texture": "#0"},
				"up": {"uv": [13.5, 2.75, 14, 3.75], "texture": "#0"},
				"down": {"uv": [15, 2.75, 15.25, 3.75], "rotation": 180, "texture": "#0"}
			}
		},
		{
			"from": [14, 3, 8],
			"to": [20, 13, 8],
			"rotation": {"angle": 0, "axis": "x", "origin": [13, 3, 5]},
			"faces": {
				"north": {"uv": [7, 4.5, 8.5, 7], "texture": "#0"},
				"east": {"uv": [0, 0, 0, 5], "texture": "#missing"},
				"south": {"uv": [8.5, 4.5, 7, 7], "texture": "#0"},
				"west": {"uv": [0, 0, 0, 5], "texture": "#missing"},
				"up": {"uv": [0, 0, 3, 0], "texture": "#missing"},
				"down": {"uv": [0, 0, 3, 0], "texture": "#missing"}
			}
		},
		{
			"from": [13.5, 18, 8],
			"to": [17.5, 25, 8],
			"rotation": {"angle": 0, "axis": "x", "origin": [13, 18, 5]},
			"faces": {
				"north": {"uv": [13.75, 0, 14.75, 1.75], "texture": "#0"},
				"east": {"uv": [0, 0, 0, 3.5], "texture": "#missing"},
				"south": {"uv": [14.75, 0, 13.75, 1.75], "texture": "#0"},
				"west": {"uv": [0, 0, 0, 3.5], "texture": "#missing"},
				"up": {"uv": [0, 0, 2, 0], "texture": "#missing"},
				"down": {"uv": [0, 0, 2, 0], "texture": "#missing"}
			}
		},
		{
			"from": [3, 8, 0],
			"to": [13, 16, 3],
			"rotation": {"angle": 0, "axis": "x", "origin": [8, 12.5, 1.5]},
			"faces": {
				"north": {"uv": [0, 12.25, 2.5, 14.25], "texture": "#0"},
				"east": {"uv": [3.25, 12.25, 2.5, 14.25], "texture": "#0"},
				"west": {"uv": [2.5, 12.25, 3.25, 14.25], "texture": "#0"},
				"up": {"uv": [3.25, 12.25, 5.75, 13], "rotation": 180, "texture": "#0"},
				"down": {"uv": [3.25, 13, 5.75, 13.75], "texture": "#0"}
			}
		},
		{
			"from": [3, 8, 13],
			"to": [13, 16, 16],
			"rotation": {"angle": 0, "axis": "x", "origin": [8, 12.5, 14.5]},
			"faces": {
				"east": {"uv": [2.5, 12.25, 3.25, 14.25], "texture": "#0"},
				"south": {"uv": [2.5, 12.25, 0, 14.25], "texture": "#0"},
				"west": {"uv": [3.25, 12.25, 2.5, 14.25], "texture": "#0"},
				"up": {"uv": [3.25, 13, 5.75, 12.25], "rotation": 180, "texture": "#0"},
				"down": {"uv": [3.25, 13.75, 5.75, 13], "texture": "#0"}
			}
		},
		{
			"from": [3, 25, 5],
			"to": [13, 28, 11],
			"rotation": {"angle": 0, "axis": "x", "origin": [3, 25, 5]},
			"faces": {
				"north": {"uv": [7, 3, 9.5, 3.75], "texture": "#0"},
				"east": {"uv": [7, 3.75, 8.5, 4.5], "texture": "#0"},
				"south": {"uv": [7, 3, 9.5, 3.75], "texture": "#0"},
				"west": {"uv": [7, 3.75, 8.5, 4.5], "texture": "#0"},
				"up": {"uv": [7, 0, 9.5, 1.5], "texture": "#0"}
			}
		},
		{
			"from": [2.5, 24.5, 4.5],
			"to": [13.5, 28.5, 11.5],
			"rotation": {"angle": 0, "axis": "x", "origin": [3, 25, 5]},
			"faces": {
				"north": {"uv": [2.5, 14.5, 5, 15.25], "texture": "#0"},
				"east": {"uv": [2.5, 15.25, 4, 16], "texture": "#0"},
				"south": {"uv": [2.5, 14.5, 5, 15.25], "texture": "#0"},
				"west": {"uv": [2.5, 15.25, 4, 16], "texture": "#0"},
				"up": {"uv": [0, 14.5, 2.5, 16], "texture": "#0"}
			}
		},
		{
			"from": [13.5, 24.5, 4.5],
			"to": [2.5, 28.5, 11.5],
			"rotation": {"angle": 0, "axis": "x", "origin": [3, 25, 5]},
			"faces": {
				"north": {"uv": [2.5, 14.5, 5, 15.25], "texture": "#0"},
				"east": {"uv": [2.5, 15.25, 4, 16], "texture": "#0"},
				"south": {"uv": [2.5, 14.5, 5, 15.25], "texture": "#0"},
				"west": {"uv": [2.5, 15.25, 4, 16], "texture": "#0"},
				"up": {"uv": [0, 14.5, 2.5, 16], "texture": "#0"}
			}
		},
		{
			"from": [5.5, 16.25, 13.5],
			"to": [10.5, 16.25, 14.5],
			"rotation": {"angle": 0, "axis": "x", "origin": [10.5, 20.75, 13]},
			"faces": {
				"north": {"uv": [5, 0, 0, 3.5], "texture": "#missing"},
				"east": {"uv": [8.25, 14, 9, 16], "texture": "#0"},
				"south": {"uv": [8.25, 14, 5.75, 16], "texture": "#0"},
				"west": {"uv": [9, 14, 8.25, 16], "texture": "#0"},
				"up": {"uv": [10.25, 7, 11.5, 6.75], "rotation": 180, "texture": "#0"},
				"down": {"uv": [10.25, 7, 11.5, 6.75], "texture": "#0"}
			}
		},
		{
			"from": [5.5, 16.25, 1.5],
			"to": [10.5, 16.25, 2.5],
			"rotation": {"angle": 0, "axis": "x", "origin": [10.5, 20.75, 3]},
			"faces": {
				"north": {"uv": [5.75, 14, 8.25, 16], "texture": "#0"},
				"east": {"uv": [9, 14, 8.25, 16], "texture": "#0"},
				"south": {"uv": [0, 0, 5, 3.5], "texture": "#missing"},
				"west": {"uv": [8.25, 14, 9, 16], "texture": "#0"},
				"up": {"uv": [10.25, 6.75, 11.5, 7], "rotation": 180, "texture": "#0"},
				"down": {"uv": [10.25, 6.75, 11.5, 7], "texture": "#0"}
			}
		}
	],
	"display": {
		"thirdperson_righthand": {
			"rotation": [64, 19, -41],
			"translation": [-8, 3.25, -0.75]
		},
		"thirdperson_lefthand": {
			"rotation": [64, 19, -41],
			"translation": [-8, 3.25, -0.75]
		},
		"firstperson_righthand": {
			"rotation": [39, 4, -51],
			"translation": [-9.75, -7.5, -5.75]
		},
		"firstperson_lefthand": {
			"rotation": [39, 4, -51],
			"translation": [-9.75, -7.5, -5.75]
		},
		"ground": {
			"translation": [0, 5.5, 0]
		},
		"gui": {
			"rotation": [13, 169, 0],
			"translation": [0.25, -2.75, 0],
			"scale": [0.48, 0.48, 0.48]
		},
		"head": {
			"translation": [0, 5, 0],
			"scale": [1.6, 1.6, 1.6]
		},
		"fixed": {
			"rotation": [-90, 0, 0],
			"translation": [0, 0, 18],
			"scale": [2.01, 2.01, 2.01]
		}
	},
	"groups": [
		0,
		1,
		2,
		3,
		4,
		5,
		6,
		7,
		8,
		9,
		10,
		11,
		12,
		13,
		14,
		15,
		16,
		17,
		18,
		19,
		20,
		{
			"name": "group",
			"origin": [10.5, 21.25, 3],
			"color": 0,
			"children": [21]
		},
		{
			"name": "group",
			"origin": [10.5, 21.25, 3],
			"color": 0,
			"children": [22]
		}
	]
}