{
	"credit": "Made with Blockbench",
	"texture_size": [48, 32],
	"textures": {
		"0": "./coltrev",
		"particle": "./coltrev"
	},
	"elements": [
		{
			"from": [7.5, 14, -6.5],
			"to": [8.5, 15, 2.5],
			"rotation": {"angle": 0, "axis": "y", "origin": [15.5, 20.5, 5]},
			"faces": {
				"north": {"uv": [6, 6.5, 6.66667, 7.5], "texture": "#0"},
				"east": {"uv": [6, 6.5, 0, 7.5], "texture": "#0"},
				"west": {"uv": [0, 6.5, 6, 7.5], "texture": "#0"},
				"up": {"uv": [0, 7.5, 6, 8.5], "rotation": 90, "texture": "#0"},
				"down": {"uv": [0, 7, 6, 7.5], "rotation": 270, "texture": "#0"}
			}
		},
		{
			"from": [6.75, 12.5, 4],
			"to": [9.25, 15, 7],
			"rotation": {"angle": 0, "axis": "y", "origin": [14.75, 20, 13]},
			"faces": {
				"north": {"uv": [8, 0, 9.66667, 2.5], "texture": "#0"},
				"east": {"uv": [8, 0, 6, 2.5], "texture": "#0"},
				"south": {"uv": [8, 0, 9.66667, 2.5], "texture": "#0"},
				"west": {"uv": [6, 0, 8, 2.5], "texture": "#0"},
				"up": {"uv": [6, 0, 8, 2.5], "rotation": 90, "texture": "#0"},
				"down": {"uv": [6, 0, 8, 2.5], "rotation": 270, "texture": "#0"}
			}
		},
		{
			"from": [7.25, 11.5, 2.5],
			"to": [8.75, 15, 8.5],
			"rotation": {"angle": 0, "axis": "y", "origin": [15.25, 19.5, 12]},
			"faces": {
				"north": {"uv": [4, 0, 5, 3.5], "texture": "#0"},
				"east": {"uv": [4, 0, 0, 3.5], "texture": "#0"},
				"south": {"uv": [5, 0, 6, 3.5], "texture": "#0"},
				"west": {"uv": [0, 0, 4, 3.5], "texture": "#0"},
				"up": {"uv": [0, 3.5, 4, 5], "rotation": 90, "texture": "#0"},
				"down": {"uv": [0, 5, 4, 6.5], "rotation": 270, "texture": "#0"}
			}
		},
		{
			"from": [8, 9.5, 5],
			"to": [8, 11.5, 9],
			"rotation": {"angle": 0, "axis": "y", "origin": [16, 17.5, 13]},
			"faces": {
				"north": {"uv": [0, 0, 0, 1.25], "texture": "#0"},
				"east": {"uv": [6.66667, 3.5, 4, 5.5], "texture": "#0"},
				"south": {"uv": [0, 0, 0, 1.25], "texture": "#0"},
				"west": {"uv": [4, 3.5, 6.66667, 5.5], "texture": "#0"},
				"up": {"uv": [0, 0, 0, 2.25], "texture": "#0"},
				"down": {"uv": [0, 0, 0, 2.25], "texture": "#0"}
			}
		},
		{
			"from": [8, 12.5, 7.5],
			"to": [8, 15.5, 9.5],
			"rotation": {"angle": 0, "axis": "x", "origin": [8, 13, 8.5]},
			"faces": {
				"north": {"uv": [0, 0, 0, 1.25], "texture": "#0"},
				"east": {"uv": [1.33333, 10, 0, 13], "texture": "#0"},
				"south": {"uv": [0, 0, 0, 1.25], "texture": "#0"},
				"west": {"uv": [0, 10, 1.33333, 13], "texture": "#0"},
				"up": {"uv": [0, 0, 0, 2.25], "texture": "#0"},
				"down": {"uv": [0, 0, 0, 2.25], "texture": "#0"}
			}
		},
		{
			"from": [7.25, 10.5, 8.5],
			"to": [8.75, 12.5, 11],
			"rotation": {"angle": 0, "axis": "x", "origin": [6.75, 13, 11]},
			"faces": {
				"north": {"uv": [2, 9, 2.33333, 11], "texture": "#0"},
				"east": {"uv": [3.66667, 9, 2, 11], "texture": "#0"},
				"south": {"uv": [3.33333, 9, 3.66667, 11], "texture": "#0"},
				"west": {"uv": [2, 9, 3.66667, 11], "texture": "#0"},
				"up": {"uv": [2, 11, 3.66667, 12.5], "rotation": 90, "texture": "#0"},
				"down": {"uv": [2, 10.5, 3.66667, 11], "rotation": 270, "texture": "#0"}
			}
		},
		{
			"from": [7, 7.5, 8.5],
			"to": [9, 12.5, 11],
			"rotation": {"angle": -22.5, "axis": "x", "origin": [7.75, 12.5, 11]},
			"faces": {
				"north": {"uv": [8.33333, 2.5, 9.66667, 7.5], "texture": "#0"},
				"east": {"uv": [8.33333, 2.5, 6.66667, 7.5], "texture": "#0"},
				"south": {"uv": [9.66667, 2.5, 11, 7.5], "texture": "#0"},
				"west": {"uv": [6.66667, 2.5, 8.33333, 7.5], "texture": "#0"},
				"up": {"uv": [6.66667, 2.5, 8.33334, 3], "rotation": 90, "texture": "#0"},
				"down": {"uv": [6.66667, 7, 8.33333, 7.5], "rotation": 270, "texture": "#0"}
			}
		},
		{
			"from": [8, 12.5, -0.5],
			"to": [8, 13.5, 2.5],
			"rotation": {"angle": -22.5, "axis": "x", "origin": [8, 13.75, 1.5]},
			"faces": {
				"north": {"uv": [0, 0, 0, 1.25], "texture": "#0"},
				"east": {"uv": [2, 9, 0, 10], "texture": "#0"},
				"south": {"uv": [0, 0, 0, 1.25], "texture": "#0"},
				"west": {"uv": [0, 9, 2, 10], "texture": "#0"},
				"up": {"uv": [0, 0, 0, 2.25], "texture": "#0"},
				"down": {"uv": [0, 0, 0, 2.25], "texture": "#0"}
			}
		},
		{
			"from": [7.75, 13.5, -5.5],
			"to": [8.25, 14, 2.5],
			"rotation": {"angle": -22.5, "axis": "x", "origin": [8, 13.75, 1.5]},
			"faces": {
				"north": {"uv": [0, 8.5, 0.33333, 9], "rotation": 90, "texture": "#0"},
				"east": {"uv": [0, 8.5, 5.33333, 9], "rotation": 180, "texture": "#0"},
				"south": {"uv": [5, 8.5, 5.33333, 9], "rotation": 90, "texture": "#0"},
				"west": {"uv": [0, 8.5, 5.33333, 9], "texture": "#0"},
				"up": {"uv": [0, 8.5, 5.33333, 9], "rotation": 90, "texture": "#0"},
				"down": {"uv": [0, 8.5, 5.33333, 9], "rotation": 270, "texture": "#0"}
			}
		}
	],
	"display": {
		"thirdperson_righthand": {
			"rotation": [-6, 10, 5.5],
			"translation": [-0.75, -2.5, 0.75],
			"scale": [0.8, 0.8, 0.8]
		},
		"thirdperson_lefthand": {
			"rotation": [-6, 10, 5.5],
			"translation": [-0.75, -2.5, 0.75],
			"scale": [0.8, 0.8, 0.8]
		},
		"firstperson_righthand": {
			"rotation": [63, -6, 41],
			"translation": [-1.25, -1, -4]
		},
		"firstperson_lefthand": {
			"rotation": [63, -6, 41],
			"translation": [-1.25, -1, -4]
		},
		"ground": {
			"rotation": [0, 0, 90],
			"translation": [2, -1.5, 3],
			"scale": [0.8, 0.8, 0.8]
		},
		"gui": {
			"rotation": [-30, 135, 5],
			"translation": [3, -4.5, 0]
		},
		"head": {
			"rotation": [0, 67, 90],
			"translation": [3.25, 7.25, -2]
		},
		"fixed": {
			"rotation": [0, 90, 0],
			"translation": [4.75, -3.25, -0.75]
		}
	},
	"groups": [0, 1, 2, 3, 4, 5, 6,
		{
			"name": "group",
			"origin": [8, 13.75, 1.5],
			"color": 0,
			"children": [7, 8]
		}
	]
}