{
	"credit": "Made with Blockbench",
	"texture_size": [48, 48],
	"textures": {
		"0": "./618_new"
	},
	"elements": [
		{
			"from": [5.75, 12, 3.5],
			"to": [10.25, 17, 9],
			"rotation": {"angle": 0, "axis": "y", "origin": [13.75, 20, 11.5]},
			"faces": {
				"north": {"uv": [3.66667, 0, 6.66567, 3.333], "texture": "#0"},
				"east": {"uv": [16, 12, 12.33333, 15.33333], "texture": "#0"},
				"south": {"uv": [3.66667, 0, 3.99934, 3.333], "texture": "#0"},
				"west": {"uv": [12.33333, 12, 16, 15.33333], "texture": "#0"},
				"up": {"uv": [0, 3.33333, 3.66633, 6.33266], "rotation": 90, "texture": "#0"},
				"down": {"uv": [0, 6.33333, 3.66667, 9.33333], "rotation": 270, "texture": "#0"}
			}
		},
		{
			"from": [6.5, 12.75, 2],
			"to": [9.5, 15.75, 3.5],
			"rotation": {"angle": 0, "axis": "y", "origin": [14.5, 20.75, 10]},
			"faces": {
				"north": {"uv": [7.66667, 9.33333, 9.66567, 11.33266], "texture": "#0"},
				"east": {"uv": [7.66667, 9.33333, 6.66667, 11.33266], "texture": "#0"},
				"south": {"uv": [0, 0, 3, 3], "texture": "#0"},
				"west": {"uv": [6.66667, 9.33333, 7.66667, 11.33333], "texture": "#0"},
				"up": {"uv": [6.66667, 9.33333, 7.66667, 9.66667], "rotation": 90, "texture": "#0"},
				"down": {"uv": [6.66667, 11, 7.66667, 11.33333], "rotation": 270, "texture": "#0"}
			}
		},
		{
			"from": [6.25, 12.5, 9],
			"to": [9.75, 17, 15],
			"rotation": {"angle": 0, "axis": "y", "origin": [14.25, 20.5, 17]},
			"faces": {
				"north": {"uv": [4, 6, 4.333, 6.333], "texture": "#0"},
				"east": {"uv": [10.66667, 0, 6.66667, 3], "texture": "#0"},
				"south": {"uv": [10.66667, 0, 13, 3], "texture": "#0"},
				"west": {"uv": [6.66667, 0, 10.66667, 3], "texture": "#0"},
				"up": {"uv": [3.66667, 3.66667, 7.66667, 6], "rotation": 90, "texture": "#0"},
				"down": {"uv": [6.66667, 2.66667, 10.66667, 3], "rotation": 270, "texture": "#0"}
			}
		},
		{
			"from": [6.25, 14.75, -4],
			"to": [9.75, 17.75, 2.5],
			"rotation": {"angle": 0, "axis": "z", "origin": [6.25, 14.75, -4]},
			"faces": {
				"north": {"uv": [4.33333, 9.33333, 6.66667, 11.33333], "texture": "#0"},
				"east": {"uv": [4.33333, 9.33333, 0, 11.33333], "texture": "#0"},
				"south": {"uv": [4, 9.33333, 4.33333, 11.33333], "texture": "#0"},
				"west": {"uv": [0, 9.33333, 4.33333, 11.33333], "texture": "#0"},
				"up": {"uv": [0, 11.33333, 4.33333, 13.66667], "rotation": 90, "texture": "#0"},
				"down": {"uv": [0, 13.66667, 4.33333, 16], "rotation": 270, "texture": "#0"}
			}
		},
		{
			"from": [6.25, 11.25, -4],
			"to": [9.75, 13.75, 2.5],
			"rotation": {"angle": 0, "axis": "z", "origin": [6.25, 11.25, -4]},
			"faces": {
				"north": {"uv": [4.33333, 11, 6.66667, 9.33333], "texture": "#0"},
				"east": {"uv": [4.33333, 11, 0, 9.33333], "texture": "#0"},
				"south": {"uv": [4, 9.33333, 4.33333, 11], "texture": "#0"},
				"west": {"uv": [0, 11, 4.33333, 9.33333], "texture": "#0"},
				"up": {"uv": [0, 13.66667, 4.33333, 16], "rotation": 90, "texture": "#0"},
				"down": {"uv": [0, 11.33333, 4.33266, 13.66633], "rotation": 270, "texture": "#0"}
			}
		},
		{
			"from": [8, 10.5, 9],
			"to": [8, 12.5, 13.5],
			"rotation": {"angle": 0, "axis": "y", "origin": [16, 18.5, 17]},
			"faces": {
				"north": {"uv": [0, 0, 0, 2.5], "texture": "#0"},
				"east": {"uv": [12.33333, 5.33333, 9.33333, 6.66667], "texture": "#0"},
				"south": {"uv": [0, 0, 0, 2.5], "texture": "#0"},
				"west": {"uv": [9.33333, 5.33333, 12.33333, 6.66667], "texture": "#0"},
				"up": {"uv": [0, 0, 0, 5.5], "texture": "#0"},
				"down": {"uv": [0, 0, 0, 5.5], "texture": "#0"}
			}
		},
		{
			"from": [8, 12, 14.5],
			"to": [8, 14, 16.5],
			"rotation": {"angle": 0, "axis": "y", "origin": [16, 20, 22.5]},
			"faces": {
				"north": {"uv": [0, 0, 0, 2.5], "texture": "#0"},
				"east": {"uv": [12.33333, 6.66667, 11, 8], "texture": "#0"},
				"south": {"uv": [0, 0, 0, 2.5], "texture": "#0"},
				"west": {"uv": [11, 6.66667, 12.33333, 8], "texture": "#0"},
				"up": {"uv": [0, 0, 0, 7], "texture": "#0"},
				"down": {"uv": [0, 0, 0, 7], "texture": "#0"}
			}
		},
		{
			"from": [8, 17, 7],
			"to": [8, 18, 14],
			"rotation": {"angle": 0, "axis": "y", "origin": [16, 25, 15]},
			"faces": {
				"north": {"uv": [0, 0, 0, 1], "texture": "#0"},
				"east": {"uv": [8.33333, 8, 3.66667, 8.66667], "texture": "#0"},
				"south": {"uv": [0, 0, 0, 1], "texture": "#0"},
				"west": {"uv": [3.66667, 8, 8.33333, 8.66667], "texture": "#0"},
				"up": {"uv": [0, 0, 0, 6], "texture": "#0"},
				"down": {"uv": [0, 0, 0, 6], "texture": "#0"}
			}
		},
		{
			"from": [8, 13.75, -4],
			"to": [8, 14.75, 2],
			"rotation": {"angle": 0, "axis": "y", "origin": [16, 21.75, 4]},
			"faces": {
				"north": {"uv": [0, 0, 0, 1], "texture": "#0"},
				"east": {"uv": [8.66667, 15.33333, 4.66667, 16], "texture": "#0"},
				"south": {"uv": [0, 0, 0, 1], "texture": "#0"},
				"west": {"uv": [4.66667, 15.33333, 8.66667, 16], "texture": "#0"},
				"up": {"uv": [0, 0, 0, 6], "texture": "#0"},
				"down": {"uv": [0, 0, 0, 6], "texture": "#0"}
			}
		},
		{
			"from": [7.25, 18, 7],
			"to": [8.75, 19.5, 14],
			"rotation": {"angle": 0, "axis": "y", "origin": [15.25, 26, 15]},
			"faces": {
				"north": {"uv": [8.33333, 6, 9.33333, 7], "texture": "#0"},
				"east": {"uv": [8.33333, 6, 3.66667, 7], "texture": "#0"},
				"south": {"uv": [8.33333, 6, 9.33333, 7], "texture": "#0"},
				"west": {"uv": [3.66667, 6, 8.33333, 7], "texture": "#0"},
				"up": {"uv": [3.66667, 7, 8.33333, 8], "rotation": 90, "texture": "#0"},
				"down": {"uv": [3.66667, 6.66667, 8.33333, 7], "rotation": 270, "texture": "#0"}
			}
		},
		{
			"from": [7.25, 8, 12.5],
			"to": [8.75, 12.5, 14.5],
			"rotation": {"angle": -22.5, "axis": "x", "origin": [8, 12.5, 12.5]},
			"faces": {
				"north": {"uv": [13.66667, 3, 14.66667, 5.999], "texture": "#0"},
				"east": {"uv": [13.66667, 3, 12.33333, 6], "texture": "#0"},
				"south": {"uv": [14.66667, 3, 15.66667, 5.99966], "texture": "#0"},
				"west": {"uv": [12.33333, 3, 13.66667, 6], "texture": "#0"},
				"up": {"uv": [0, 0, 1.5, 1.5], "texture": "#0"},
				"down": {"uv": [12.33333, 5.66667, 13.66667, 6], "rotation": 270, "texture": "#0"}
			}
		},
		{
			"from": [7.25, 8, 6],
			"to": [8.75, 12, 8],
			"rotation": {"angle": 0, "axis": "x", "origin": [15.25, 16.75, 14.75]},
			"faces": {
				"north": {"uv": [14.66667, 6, 15.66667, 8.66667], "texture": "#0"},
				"east": {"uv": [13.66667, 6, 12.33333, 8.66667], "texture": "#0"},
				"south": {"uv": [13.66667, 6, 14.66667, 8.66667], "texture": "#0"},
				"west": {"uv": [12.33333, 6, 13.66667, 8.66667], "texture": "#0"},
				"up": {"uv": [0, 0, 1.5, 1.5], "texture": "#0"},
				"down": {"uv": [12.33333, 8.33333, 13.66667, 8.66667], "rotation": 270, "texture": "#0"}
			}
		},
		{
			"from": [7.25, 14, 15],
			"to": [8.75, 16, 22],
			"rotation": {"angle": 0, "axis": "y", "origin": [15.25, 22, 23]},
			"faces": {
				"north": {"uv": [0, 0, 2, 2.5], "texture": "#0"},
				"east": {"uv": [12.33333, 3, 7.66667, 4.33333], "texture": "#0"},
				"south": {"uv": [0, 0, 2, 2.5], "texture": "#0"},
				"west": {"uv": [7.66667, 3, 12.33333, 4.33333], "texture": "#0"},
				"up": {"uv": [7.66667, 4.33333, 12.33333, 5.33333], "rotation": 90, "texture": "#0"},
				"down": {"uv": [7.66667, 4, 12.33333, 4.33333], "rotation": 270, "texture": "#0"}
			}
		},
		{
			"from": [6.75, 12, 22],
			"to": [9.25, 16.5, 23],
			"rotation": {"angle": 0, "axis": "y", "origin": [14.75, 20, 30]},
			"faces": {
				"north": {"uv": [13.66667, 0, 15.33333, 3], "texture": "#0"},
				"east": {"uv": [13.66667, 0, 13, 3], "texture": "#0"},
				"south": {"uv": [13.66667, 0, 15.33333, 3], "texture": "#0"},
				"west": {"uv": [13, 0, 13.66667, 3], "texture": "#0"},
				"up": {"uv": [13.66667, 0, 15.33333, 0.33333], "texture": "#0"},
				"down": {"uv": [13.66667, 2.66667, 15.33333, 3], "texture": "#0"}
			}
		}
	],
	"gui_light": "front",
	"display": {
		"thirdperson_righthand": {
			"rotation": [1, 1, 4],
			"translation": [-0.5, -3.75, -3],
			"scale": [0.8, 0.8, 0.8]
		},
		"thirdperson_lefthand": {
			"rotation": [1, 1, 4],
			"translation": [-0.5, -3.75, -3],
			"scale": [0.8, 0.8, 0.8]
		},
		"firstperson_righthand": {
			"rotation": [22, 5, 6],
			"translation": [4.25, -2.25, -9.5]
		},
		"firstperson_lefthand": {
			"rotation": [22, 5, 6],
			"translation": [4.25, -2.25, -9.5]
		},
		"ground": {
			"rotation": [0, 0, 90],
			"translation": [5.25, -0.75, -1],
			"scale": [0.8, 0.8, 0.8]
		},
		"gui": {
			"rotation": [-30, 140, 0],
			"translation": [-0.5, -3.75, 0],
			"scale": [0.75, 0.75, 0.75]
		},
		"head": {
			"translation": [0, 1.75, -9.25]
		},
		"fixed": {
			"rotation": [0, 90, 0],
			"translation": [-0.75, -6.25, -1]
		}
	}
}