{
	"credit": "Made with Blockbench",
	"texture_size": [64, 32],
	"textures": {
		"0": "./panzerfaust",
		"particle": "./panzerfaust"
	},
	"elements": [
		{
			"from": [7, 14.5, -2.75],
			"to": [9, 16.5, 17.25],
			"rotation": {"angle": 0, "axis": "y", "origin": [15, 22.5, 5.25]},
			"faces": {
				"north": {"uv": [0, 1.5, 1.5, 3], "texture": "#0"},
				"east": {"uv": [10, 0, 0, 2], "texture": "#0"},
				"south": {"uv": [10, 0, 11, 2], "texture": "#0"},
				"west": {"uv": [0, 0, 10, 2], "texture": "#0"},
				"up": {"uv": [0, 0, 10, 2], "rotation": 90, "texture": "#0"},
				"down": {"uv": [0, 0, 10, 2], "rotation": 270, "texture": "#0"}
			}
		},
		{
			"from": [7.5, 17, 1.75],
			"to": [8.5, 21.5, 1.75],
			"rotation": {"angle": 22.5, "axis": "x", "origin": [7.5, 17, 1.75]},
			"faces": {
				"north": {"uv": [6.75, 6, 7.25, 10], "rotation": 180, "texture": "#0"},
				"east": {"uv": [2.5, 0, 5.25, 1.5], "rotation": 180, "texture": "#0"},
				"south": {"uv": [7.25, 6, 6.75, 10], "rotation": 180, "texture": "#0"},
				"west": {"uv": [0, 0, 2.75, 1.5], "rotation": 180, "texture": "#0"},
				"up": {"uv": [0, 3, 1.5, 5.75], "texture": "#0"},
				"down": {"uv": [0, 3, 1.5, 5.75], "rotation": 180, "texture": "#0"}
			}
		},
		{
			"from": [8, 16.5, 1.25],
			"to": [8, 17.5, 6.75],
			"rotation": {"angle": 0, "axis": "x", "origin": [8, 16.5, 1.25]},
			"faces": {
				"north": {"uv": [0, 3, 1.5, 5.75], "texture": "#0"},
				"east": {"uv": [2.75, 2, 0, 3], "texture": "#0"},
				"south": {"uv": [0, 3, 1.5, 5.75], "texture": "#0"},
				"west": {"uv": [0, 2, 2.75, 3], "texture": "#0"},
				"up": {"uv": [6.75, 6, 7.25, 10], "texture": "#0"},
				"down": {"uv": [7.25, 6, 6.75, 10], "rotation": 180, "texture": "#0"}
			}
		},
		{
			"from": [6.25, 13.75, -7.25],
			"to": [9.75, 17.25, -2.75],
			"rotation": {"angle": 0, "axis": "y", "origin": [14.25, 21.75, 0.75]},
			"faces": {
				"north": {"uv": [12, 6.25, 15, 9.25], "texture": "#0"},
				"east": {"uv": [2.25, 6, 0, 9.5], "texture": "#0"},
				"south": {"uv": [2.25, 6, 4, 9.5], "texture": "#0"},
				"west": {"uv": [0, 6, 2.25, 9.5], "texture": "#0"},
				"up": {"uv": [2.25, 6, 0, 9.5], "rotation": 270, "texture": "#0"},
				"down": {"uv": [2.25, 6, 0, 9.5], "rotation": 90, "texture": "#0"}
			}
		},
		{
			"from": [6.25, 13.75, -10.75],
			"to": [9.75, 17.25, -8.25],
			"rotation": {"angle": 0, "axis": "y", "origin": [14.25, 21.75, -2.75]},
			"faces": {
				"north": {"uv": [12.25, 0, 14, 3.5], "texture": "#0"},
				"east": {"uv": [11, 0, 12.25, 3.5], "texture": "#0"},
				"south": {"uv": [3.75, 5.5, 6.75, 8.5], "texture": "#0"},
				"west": {"uv": [12.25, 0, 11, 3.5], "texture": "#0"},
				"up": {"uv": [11, 0, 12.25, 3.5], "rotation": 270, "texture": "#0"},
				"down": {"uv": [11, 0, 12.25, 3.5], "rotation": 90, "texture": "#0"}
			}
		},
		{
			"from": [5.75, 13.25, -8.25],
			"to": [10.25, 17.75, -7.25],
			"rotation": {"angle": 0, "axis": "y", "origin": [13.75, 21.25, -0.25]},
			"faces": {
				"north": {"uv": [4.5, 10.5, 6.75, 15], "texture": "#0"},
				"east": {"uv": [4, 6, 4.5, 10.5], "texture": "#0"},
				"south": {"uv": [6.75, 6, 4.5, 10.5], "texture": "#0"},
				"west": {"uv": [4, 6, 4.5, 10.5], "rotation": 180, "texture": "#0"},
				"up": {"uv": [4, 6, 4.5, 10.5], "rotation": 270, "texture": "#0"},
				"down": {"uv": [4, 6, 4.5, 10.5], "rotation": 90, "texture": "#0"}
			}
		}
	],
	"display": {
		"thirdperson_righthand": {
			"rotation": [5, 10, 5],
			"translation": [0.25, -5.75, 7],
			"scale": [0.8, 0.8, 0.8]
		},
		"thirdperson_lefthand": {
			"rotation": [5, 10, 5],
			"translation": [0.25, -5.75, 7],
			"scale": [0.8, 0.8, 0.8]
		},
		"firstperson_righthand": {
			"rotation": [2, 0, 1],
			"translation": [-1, -7, 5]
		},
		"firstperson_lefthand": {
			"rotation": [2, 0, 1],
			"translation": [-1, -7, 5]
		},
		"ground": {
			"rotation": [0, 0, 90],
			"translation": [7, -1.5, 4.5],
			"scale": [0.8, 0.8, 0.8]
		},
		"gui": {
			"rotation": [-30, 140, 0],
			"translation": [2.5, -6.5, 0],
			"scale": [0.73, 0.73, 0.73]
		},
		"head": {
			"translation": [0, -2.25, 6.5],
			"scale": [1.33, 1.33, 1.33]
		},
		"fixed": {
			"rotation": [0, 90, 0],
			"translation": [4.25, -7.5, -1.25]
		}
	}
}