{
	"credit": "Made with Blockbench",
	"texture_size": [32, 32],
	"textures": {
		"0": "./drel",
		"1": "./drel_1",
		"particle": "./drel"
	},
	"elements": [
		{
			"from": [7.5, 14, -1],
			"to": [8.5, 15, 2.5],
			"rotation": {"angle": 0, "axis": "y", "origin": [15.5, 22, 7]},
			"faces": {
				"north": {"uv": [7, 3.5, 8, 4.5], "texture": "#0"},
				"east": {"uv": [0, 0, 7, 2], "rotation": 180, "texture": "#1"},
				"south": {"uv": [0, 0, 0.5, 0.5], "texture": "#0"},
				"west": {"uv": [0, 0, 7, 2], "texture": "#1"},
				"up": {"uv": [0, 0, 7, 2], "rotation": 90, "texture": "#1"},
				"down": {"uv": [0, 0, 7, 2], "rotation": 270, "texture": "#1"}
			}
		},
		{
			"from": [6.75, 13.25, 2.5],
			"to": [9.25, 15.75, 6],
			"rotation": {"angle": 0, "axis": "y", "origin": [14.75, 21.25, 10.5]},
			"faces": {
				"north": {"uv": [3.5, 6.5, 6, 9], "texture": "#0"},
				"east": {"uv": [3.5, 6.5, 0, 9], "texture": "#0"},
				"south": {"uv": [6, 0, 8.5, 2.5], "texture": "#0"},
				"west": {"uv": [0, 6.5, 3.5, 9], "texture": "#0"},
				"up": {"uv": [0, 6.5, 3.5, 9], "rotation": 90, "texture": "#0"},
				"down": {"uv": [0, 6.5, 3.5, 9], "rotation": 270, "texture": "#0"}
			}
		},
		{
			"from": [6.5, 12.75, 6],
			"to": [9.5, 16.25, 11],
			"rotation": {"angle": 0, "axis": "y", "origin": [14.5, 20.75, 14]},
			"faces": {
				"north": {"uv": [0, 0, 0.5, 3.5], "texture": "#0"},
				"east": {"uv": [5, 0, 0, 3.5], "texture": "#0"},
				"south": {"uv": [5, 0, 8, 3.5], "texture": "#0"},
				"west": {"uv": [0, 0, 5, 3.5], "texture": "#0"},
				"up": {"uv": [0, 3.5, 5, 6.5], "rotation": 90, "texture": "#0"},
				"down": {"uv": [0, 3, 5, 3.5], "rotation": 270, "texture": "#0"}
			}
		},
		{
			"from": [6.5, 5.25, 5],
			"to": [9.5, 8.25, 9.5],
			"rotation": {"angle": 0, "axis": "y", "origin": [14.5, 13.25, 13]},
			"faces": {
				"north": {"uv": [12.5, 0, 15.5, 3], "texture": "#0"},
				"east": {"uv": [12.5, 0, 8, 3], "texture": "#0"},
				"south": {"uv": [8, 3, 11, 6], "texture": "#0"},
				"west": {"uv": [8, 0, 12.5, 3], "texture": "#0"},
				"up": {"uv": [8, 6, 12.5, 9], "rotation": 90, "texture": "#0"},
				"down": {"uv": [8, 2.5, 12.5, 3], "rotation": 270, "texture": "#0"}
			}
		},
		{
			"from": [8, 11.25, 5],
			"to": [8, 13.25, 7],
			"rotation": {"angle": 0, "axis": "y", "origin": [16, 19.25, 13]},
			"faces": {
				"north": {"uv": [0, 0, 0, 1.5], "texture": "#0"},
				"east": {"uv": [7, 3.5, 5, 5.5], "texture": "#0"},
				"south": {"uv": [0, 0, 0, 1.5], "texture": "#0"},
				"west": {"uv": [5, 3.5, 7, 5.5], "texture": "#0"},
				"up": {"uv": [0, 0, 0, 2.5], "texture": "#0"},
				"down": {"uv": [0, 0, 0, 2.5], "texture": "#0"}
			}
		},
		{
			"from": [7.25, 8.25, 7],
			"to": [8.75, 12.75, 9],
			"rotation": {"angle": 0, "axis": "x", "origin": [7.25, 8.25, 7]},
			"faces": {
				"north": {"uv": [2, 9, 3.5, 13.5], "texture": "#0"},
				"east": {"uv": [2, 9, 0, 13.5], "texture": "#0"},
				"south": {"uv": [3.5, 9, 5, 13.5], "texture": "#0"},
				"west": {"uv": [0, 9, 2, 13.5], "texture": "#0"},
				"up": {"uv": [0, 0, 0.75, 0.75], "rotation": 180, "texture": "#0"},
				"down": {"uv": [0, 11, 1.5, 11.5], "rotation": 270, "texture": "#0"}
			}
		}
	],
	"display": {
		"thirdperson_righthand": {
			"rotation": [1.5, 1, 4],
			"translation": [0, -4, 1.25],
			"scale": [0.8, 0.8, 0.8]
		},
		"thirdperson_lefthand": {
			"rotation": [1.5, 1, 4],
			"translation": [0, -4, 1.25],
			"scale": [0.8, 0.8, 0.8]
		},
		"firstperson_righthand": {
			"rotation": [19.5, 5.5, 5],
			"translation": [3, -3.75, -5]
		},
		"firstperson_lefthand": {
			"rotation": [19.5, 5.5, 5],
			"translation": [3, -3.75, -5]
		},
		"ground": {
			"rotation": [0, 0, 90],
			"translation": [2.75, -0.5, 1.75],
			"scale": [0.8, 0.8, 0.8]
		},
		"gui": {
			"rotation": [-30, 130, 3],
			"translation": [2, -3.5, 0],
			"scale": [1.17, 1.17, 1.17]
		},
		"head": {
			"rotation": [-67, 0, 0],
			"translation": [0, 11.5, 6]
		},
		"fixed": {
			"rotation": [0, 90, 0],
			"translation": [2.25, -3.25, -1.75]
		}
	}
}