{
	"credit": "Made with Blockbench",
	"texture_size": [48, 48],
	"textures": {
		"0": "./spas",
		"particle": "./spas"
	},
	"elements": [
		{
			"from": [7.25, 15.5, -7.5],
			"to": [8.75, 17, -1],
			"rotation": {"angle": 0, "axis": "y", "origin": [15.25, 23.5, 4]},
			"faces": {
				"north": {"uv": [8.33333, 3.66667, 9.33333, 4.66667], "texture": "#0"},
				"east": {"uv": [15.33333, 3.66667, 11, 4.66667], "texture": "#0"},
				"west": {"uv": [11, 3.66667, 15.33333, 4.66667], "texture": "#0"},
				"up": {"uv": [15.33333, 4.66667, 11, 5.66667], "rotation": 270, "texture": "#0"},
				"down": {"uv": [11, 4.33334, 15.33333, 4.66667], "rotation": 90, "texture": "#0"}
			}
		},
		{
			"from": [7.25, 14, -6.5],
			"to": [8.75, 15.5, -1],
			"rotation": {"angle": 0, "axis": "y", "origin": [15.25, 21.5, 6.5]},
			"faces": {
				"north": {"uv": [8.33334, 4.66667, 9.33334, 5.66667], "texture": "#0"},
				"east": {"uv": [15.33334, 5.66667, 11.66667, 6.66667], "texture": "#0"},
				"west": {"uv": [11.66667, 5.66667, 15.33334, 6.66667], "texture": "#0"},
				"down": {"uv": [15.33334, 6.66667, 11.66667, 7.66667], "rotation": 90, "texture": "#0"}
			}
		},
		{
			"from": [8, 17, -6.5],
			"to": [8, 18.5, -5],
			"rotation": {"angle": 0, "axis": "y", "origin": [16, 25, -0.5]},
			"faces": {
				"north": {"uv": [0, 0, 0, 1], "texture": "#0"},
				"east": {"uv": [11.66666, 5.66667, 10.66667, 6.66667], "texture": "#0"},
				"south": {"uv": [0, 0, 0, 1], "texture": "#0"},
				"west": {"uv": [10.66667, 5.66667, 11.66666, 6.66667], "texture": "#0"},
				"up": {"uv": [0, 0, 0, 2.5], "texture": "#0"},
				"down": {"uv": [0, 0, 0, 2.5], "texture": "#0"}
			}
		},
		{
			"from": [7, 14, 10],
			"to": [9, 17, 19.5],
			"rotation": {"angle": 0, "axis": "y", "origin": [15, 21.25, 17]},
			"faces": {
				"east": {"uv": [6.33334, 2, 0, 4], "texture": "#0"},
				"south": {"uv": [6.33334, 0, 7.66667, 2], "texture": "#0"},
				"west": {"uv": [0, 0, 6.33334, 2], "texture": "#0"},
				"up": {"uv": [0, 4, 6.33334, 5.33333], "rotation": 90, "texture": "#0"},
				"down": {"uv": [0, 5.33333, 6.33333, 6.66667], "rotation": 270, "texture": "#0"}
			}
		},
		{
			"from": [7, 14, -1],
			"to": [9, 17.5, 10],
			"rotation": {"angle": 0, "axis": "y", "origin": [15, 21.75, 17.5]},
			"faces": {
				"north": {"uv": [0, 9.33333, 0.33333, 11.66666], "texture": "#0"},
				"east": {"uv": [7.33333, 9.33333, 0, 11.66666], "texture": "#0"},
				"south": {"uv": [7, 9.33333, 7.33334, 11.66666], "texture": "#0"},
				"west": {"uv": [0, 9.33333, 7.33333, 11.66666], "texture": "#0"},
				"up": {"uv": [0, 11.66667, 7.33333, 13], "rotation": 90, "texture": "#0"},
				"down": {"uv": [0, 13, 7.33333, 14.33334], "rotation": 270, "texture": "#0"}
			}
		},
		{
			"from": [8, 12.5, 13],
			"to": [8, 14, 17],
			"rotation": {"angle": 0, "axis": "y", "origin": [16, 20.25, 21]},
			"faces": {
				"north": {"uv": [0, 0, 0, 0.5], "texture": "#0"},
				"east": {"uv": [2.66667, 8.33334, 0, 9.33333], "texture": "#0"},
				"south": {"uv": [0, 0, 0, 0.5], "texture": "#0"},
				"west": {"uv": [0, 8.33334, 2.66667, 9.33333], "texture": "#0"},
				"up": {"uv": [0, 0, 0, 1.33333], "texture": "#0"},
				"down": {"uv": [0, 0, 0, 1.33333], "texture": "#0"}
			}
		},
		{
			"from": [7, 17, 4.5],
			"to": [7, 19.5, 19],
			"rotation": {"angle": 0, "axis": "x", "origin": [15, 24.75, 12.5]},
			"faces": {
				"north": {"uv": [0, 0, 0, 0.5], "texture": "#0"},
				"east": {"uv": [9.66667, 6.66666, 0, 8.33333], "texture": "#0"},
				"south": {"uv": [0, 0, 0, 0.5], "texture": "#0"},
				"west": {"uv": [0, 6.66666, 9.66667, 8.33333], "texture": "#0"},
				"up": {"uv": [0, 0, 0, 1.33333], "texture": "#0"},
				"down": {"uv": [0, 0, 0, 1.33333], "texture": "#0"}
			}
		},
		{
			"from": [7, 17.5, 4.5],
			"to": [9, 19.5, 4.5],
			"rotation": {"angle": 0, "axis": "y", "origin": [15, 25.25, 12.5]},
			"faces": {
				"north": {"uv": [6.33334, 2, 7.66667, 3.33334], "texture": "#0"},
				"east": {"uv": [16, 13.66667, 6, 16], "texture": "#0"},
				"south": {"uv": [7.66667, 2, 6.33334, 3.33334], "texture": "#0"},
				"west": {"uv": [6, 13.66667, 16, 16], "texture": "#0"},
				"up": {"uv": [0, 0, 0, 1.33333], "texture": "#0"},
				"down": {"uv": [0, 0, 0, 1.33333], "texture": "#0"}
			}
		},
		{
			"from": [9, 17, 4.5],
			"to": [9, 19.5, 19],
			"rotation": {"angle": 0, "axis": "y", "origin": [17, 24.75, 12.5]},
			"faces": {
				"north": {"uv": [0, 0, 0, 0.5], "texture": "#0"},
				"east": {"uv": [9.66667, 6.66666, 0, 8.33333], "texture": "#0"},
				"south": {"uv": [0, 0, 0, 0.5], "texture": "#0"},
				"west": {"uv": [0, 6.66666, 9.66667, 8.33333], "texture": "#0"},
				"up": {"uv": [0, 0, 0, 1.33333], "texture": "#0"},
				"down": {"uv": [0, 0, 0, 1.33333], "texture": "#0"}
			}
		},
		{
			"from": [7.25, 8.5, 16],
			"to": [8.75, 14, 18.5],
			"rotation": {"angle": -22.5, "axis": "x", "origin": [7.25, 14, 16]},
			"faces": {
				"north": {"uv": [7.66667, 0, 8, 3.66666], "texture": "#0"},
				"east": {"uv": [9.33333, 0, 7.66667, 3.66666], "texture": "#0"},
				"south": {"uv": [9, 0, 9.33333, 3.66666], "texture": "#0"},
				"west": {"uv": [7.66667, 0, 9.33333, 3.66666], "texture": "#0"},
				"down": {"uv": [7.66667, 3.33333, 9.33333, 3.66666], "rotation": 270, "texture": "#0"}
			}
		},
		{
			"from": [6.75, 13.5, 0.5],
			"to": [9.25, 16.5, 10.5],
			"rotation": {"angle": 0, "axis": "y", "origin": [14.75, 21.25, 9.5]},
			"faces": {
				"north": {"uv": [9.33333, 3.66667, 11, 5.66667], "texture": "#0"},
				"east": {"uv": [16, 0, 9.33333, 2], "texture": "#0"},
				"south": {"uv": [15.66666, 0, 16, 2], "texture": "#0"},
				"west": {"uv": [9.33333, 0, 16, 2], "texture": "#0"},
				"up": {"uv": [9.33333, 0, 16, 0.33333], "rotation": 90, "texture": "#0"},
				"down": {"uv": [9.33333, 2, 16, 3.66667], "rotation": 270, "texture": "#0"}
			}
		}
	],
	"display": {
		"thirdperson_righthand": {
			"rotation": [12, 20, 2.5],
			"translation": [-3, -3.5, -5.5],
			"scale": [0.8, 0.8, 0.8]
		},
		"thirdperson_lefthand": {
			"rotation": [12, 20, 2.5],
			"translation": [-3, -3.5, -5.5],
			"scale": [0.8, 0.8, 0.8]
		},
		"firstperson_righthand": {
			"rotation": [2.5, -0.5, 2],
			"translation": [0, -4.25, -6.5]
		},
		"firstperson_lefthand": {
			"rotation": [2.5, -0.5, 2],
			"translation": [0, -4.25, -6.5]
		},
		"ground": {
			"rotation": [0, 0, 90],
			"translation": [5.75, -1.5, 1.5],
			"scale": [0.8, 0.8, 0.8]
		},
		"gui": {
			"rotation": [-30, 130, 4],
			"translation": [0.75, -4.25, 0],
			"scale": [0.67, 0.67, 0.67]
		},
		"head": {
			"rotation": [0, 51, 90],
			"translation": [3, 7.5, -5]
		},
		"fixed": {
			"rotation": [0, 90, 0],
			"translation": [2.5, -6.75, -1.5]
		}
	}
}