{
	"credit": "Made with Blockbench",
	"textures": {
		"0": "./luger",
		"1": "./tact_luger",
		"particle": "./luger"
	},
	"elements": [
		{
			"from": [7.25, 15.75, 2],
			"to": [8.75, 17.75, 6.5],
			"rotation": {"angle": 0, "axis": "y", "origin": [15.25, 23.75, 10]},
			"faces": {
				"north": {"uv": [6, 0, 6.5, 2], "texture": "#0"},
				"east": {"uv": [10.5, 0, 6, 2], "texture": "#0"},
				"south": {"uv": [0, 0, 1.5, 1], "texture": "#0"},
				"west": {"uv": [6, 0, 10.5, 2], "texture": "#0"},
				"up": {"uv": [6, 2, 10.5, 3.5], "rotation": 90, "texture": "#0"},
				"down": {"uv": [6, 1.5, 10.5, 2], "rotation": 270, "texture": "#0"}
			}
		},
		{
			"from": [7.25, 15, -4.5],
			"to": [8.75, 16.5, 2],
			"rotation": {"angle": 0, "axis": "y", "origin": [15.25, 23, 3.5]},
			"faces": {
				"north": {"uv": [0, 8, 0.5, 9.5], "texture": "#1"},
				"east": {"uv": [5.5, 8, 0, 9.5], "texture": "#1"},
				"south": {"uv": [5, 8, 5.5, 9.5], "texture": "#1"},
				"west": {"uv": [0, 8, 5.5, 9.5], "texture": "#1"},
				"up": {"uv": [0, 8, 5.5, 8.5], "rotation": 90, "texture": "#1"},
				"down": {"uv": [0, 9, 5.5, 9.5], "rotation": 270, "texture": "#1"}
			}
		},
		{
			"from": [7.5, 12, 8.25],
			"to": [8.5, 14, 13.75],
			"rotation": {"angle": 0, "axis": "y", "origin": [15.25, 23.75, 10]},
			"faces": {
				"north": {"uv": [6, 0, 6.5, 2], "texture": "#1"},
				"east": {"uv": [5.5, 14, 0, 16], "texture": "#1"},
				"south": {"uv": [0, 0, 1.5, 1], "texture": "#1"},
				"west": {"uv": [0, 14, 5.5, 16], "texture": "#1"},
				"up": {"uv": [0, 13, 5.5, 14], "rotation": 90, "texture": "#1"},
				"down": {"uv": [0, 15.5, 5.5, 16], "rotation": 270, "texture": "#1"}
			}
		},
		{
			"from": [7.25, 12, 13.75],
			"to": [8.75, 16, 19.25],
			"rotation": {"angle": 0, "axis": "y", "origin": [15.25, 23.75, 10]},
			"faces": {
				"north": {"uv": [5.5, 12, 6, 16], "texture": "#1"},
				"east": {"uv": [11, 12, 5.5, 16], "texture": "#1"},
				"south": {"uv": [11, 12, 12.5, 16], "texture": "#1"},
				"west": {"uv": [5.5, 12, 11, 16], "texture": "#1"},
				"up": {"uv": [5.5, 10.5, 11, 12], "rotation": 90, "texture": "#1"},
				"down": {"uv": [5.5, 15.5, 11, 16], "rotation": 270, "texture": "#1"}
			}
		},
		{
			"from": [7.5, 13.5, 13.75],
			"to": [8.5, 16, 14.75],
			"rotation": {"angle": 22.5, "axis": "x", "origin": [8.25, 16, 13.75]},
			"faces": {
				"north": {"uv": [1, 9.5, 2, 12], "texture": "#1"},
				"east": {"uv": [1, 9.5, 0, 12], "texture": "#1"},
				"west": {"uv": [0, 9.5, 1, 12], "texture": "#1"},
				"up": {"uv": [0, 9.5, 1, 10], "rotation": 90, "texture": "#1"},
				"down": {"uv": [0, 11.5, 1, 12], "rotation": 270, "texture": "#1"}
			}
		},
		{
			"from": [8, 13.25, 2],
			"to": [8, 15.75, 6],
			"rotation": {"angle": 0, "axis": "y", "origin": [16, 21.25, 10]},
			"faces": {
				"north": {"uv": [0, 0, 0, 2.5], "texture": "#0"},
				"east": {"uv": [9.5, 9, 5.5, 11.5], "texture": "#0"},
				"south": {"uv": [0, 0, 0, 2.5], "texture": "#0"},
				"west": {"uv": [5.5, 9, 9.5, 11.5], "texture": "#0"},
				"up": {"uv": [0, 0, 0, 2.5], "texture": "#0"},
				"down": {"uv": [0, 0, 0, 2.5], "texture": "#0"}
			}
		},
		{
			"from": [8, 17.5, -8.5],
			"to": [8, 18.5, -6],
			"rotation": {"angle": 0, "axis": "y", "origin": [16, 25.5, -0.5]},
			"faces": {
				"north": {"uv": [0, 0, 0, 1], "texture": "#0"},
				"east": {"uv": [12, 6.5, 9.5, 7.5], "texture": "#0"},
				"south": {"uv": [0, 0, 0, 1], "texture": "#0"},
				"west": {"uv": [9.5, 6.5, 12, 7.5], "texture": "#0"},
				"up": {"uv": [0, 0, 0, 1], "texture": "#0"},
				"down": {"uv": [0, 0, 0, 1], "texture": "#0"}
			}
		},
		{
			"from": [7.5, 16.5, -8.5],
			"to": [8.5, 17.5, 2],
			"rotation": {"angle": 0, "axis": "y", "origin": [15.5, 24.5, -0.5]},
			"faces": {
				"north": {"uv": [10.5, 0, 11.5, 1], "texture": "#1"},
				"east": {"uv": [10.5, 0, 0, 1], "texture": "#1"},
				"west": {"uv": [0, 0, 10.5, 1], "texture": "#1"},
				"up": {"uv": [0, 1, 10.5, 2], "rotation": 90, "texture": "#1"},
				"down": {"uv": [0, 0.5, 10.5, 1], "rotation": 270, "texture": "#1"}
			}
		},
		{
			"from": [7.25, 9.75, 4.5],
			"to": [8.75, 15.75, 7.5],
			"rotation": {"angle": -22.5, "axis": "x", "origin": [8.5, 15.75, 4.5]},
			"faces": {
				"north": {"uv": [4.5, 0, 6, 6], "texture": "#0"},
				"east": {"uv": [3, 0, 0, 6], "texture": "#0"},
				"south": {"uv": [3, 0, 4.5, 6], "texture": "#0"},
				"west": {"uv": [0, 0, 3, 6], "texture": "#0"},
				"up": {"uv": [1.5, 5, 2, 8], "rotation": 180, "texture": "#0"},
				"down": {"uv": [0, 6.5, 3, 8], "rotation": 270, "texture": "#0"}
			}
		},
		{
			"from": [7, 15.5, 6.25],
			"to": [9, 18, 9.25],
			"rotation": {"angle": 0, "axis": "x", "origin": [8.5, 15.5, 6.5]},
			"faces": {
				"north": {"uv": [6, 3.5, 6.5, 6], "texture": "#0"},
				"east": {"uv": [9, 3.5, 6, 6], "texture": "#0"},
				"south": {"uv": [9, 3.5, 11, 6], "texture": "#0"},
				"west": {"uv": [6, 3.5, 9, 6], "texture": "#0"},
				"up": {"uv": [10.5, 0, 13.5, 2], "rotation": 90, "texture": "#0"},
				"down": {"uv": [6, 5.5, 9, 6], "rotation": 270, "texture": "#0"}
			}
		}
	],
	"display": {
		"thirdperson_righthand": {
			"rotation": [0.5, 2, 4],
			"translation": [0, -5.75, 2.75],
			"scale": [0.8, 0.8, 0.8]
		},
		"thirdperson_lefthand": {
			"rotation": [0.5, 2, 4],
			"translation": [0, -5.75, 2.75],
			"scale": [0.8, 0.8, 0.8]
		},
		"firstperson_righthand": {
			"rotation": [2, -1, 2],
			"translation": [-2, -4, 2]
		},
		"firstperson_lefthand": {
			"rotation": [2, -1, 2],
			"translation": [-2, -4, 2]
		},
		"ground": {
			"rotation": [0, 0, 90],
			"translation": [5.75, -2, 3.25],
			"scale": [0.8, 0.8, 0.8]
		},
		"gui": {
			"rotation": [-35, 135, 5],
			"translation": [1, -5, 0],
			"scale": [0.73, 0.73, 0.73]
		},
		"head": {
			"translation": [0, -0.5, -0.25]
		},
		"fixed": {
			"rotation": [0, 90, 0],
			"translation": [2.5, -6.5, -0.75]
		}
	}
}